user_id,course_id,rating,progress,completed,timestamp
U0294,C092,4,100,True,2025-01-15 10:07:00
U0255,C054,3,54,False,2024-06-10 03:25:00
U0212,C088,3,74,False,2024-06-01 02:50:00
U0310,C005,2,32,False,2024-11-03 16:35:00
U0106,C035,4,90,True,2024-11-22 11:52:00
U0028,C005,3,69,False,2025-01-19 10:35:00
U0393,C091,3,70,False,2024-12-04 22:28:00
U0059,C062,5,74,False,2024-09-22 00:21:00
U0182,C025,4,61,False,2024-10-28 17:33:00
U0192,C097,3,90,True,2024-06-24 05:31:00
U0072,C010,3,32,False,2024-12-27 03:16:00
U0313,C028,4,88,False,2024-12-19 06:29:00
U0423,C068,3,82,False,2024-11-21 03:48:00
U0213,C059,4,70,False,2024-08-03 14:29:00
U0338,C077,4,83,False,2024-08-08 15:00:00
U0272,C097,3,100,True,2025-03-11 13:53:00
U0300,C079,4,97,True,2024-08-30 22:37:00
U0089,C068,4,82,False,2024-08-05 03:24:00
U0337,C051,3,24,False,2025-02-14 12:26:00
U0312,C010,2,26,False,2024-10-06 08:25:00
U0494,C015,5,51,False,2025-01-18 04:08:00
U0212,C087,4,55,False,2024-11-01 22:35:00
U0441,C084,3,76,False,2025-03-11 20:13:00
U0103,C049,4,63,False,2024-11-24 21:08:00
U0364,C033,3,68,False,2025-02-13 17:44:00
U0327,C034,3,59,False,2024-11-28 17:30:00
U0299,C074,4,70,False,2025-03-01 09:56:00
U0434,C051,5,89,False,2025-02-23 03:01:00
U0196,C062,2,27,False,2024-06-29 06:17:00
U0385,C078,2,5,False,2024-10-25 21:16:00
U0075,C010,3,72,False,2024-10-30 06:48:00
U0278,C069,3,48,False,2024-07-23 19:55:00
U0346,C011,3,22,False,2024-09-23 23:41:00
U0288,C093,4,98,True,2024-10-26 22:42:00
U0025,C025,5,95,True,2024-12-16 13:50:00
U0500,C078,2,17,False,2024-06-28 00:47:00
U0129,C095,5,69,False,2024-09-24 20:45:00
U0364,C040,4,91,True,2025-03-07 23:38:00
U0101,C047,3,36,False,2024-09-08 09:28:00
U0091,C047,2,6,False,2024-07-09 05:11:00
U0377,C063,5,58,False,2024-06-21 13:17:00
U0285,C026,3,57,False,2025-03-27 08:00:00
U0170,C015,5,58,False,2024-06-21 04:59:00
U0166,C080,5,80,False,2024-11-02 15:50:00
U0294,C025,3,64,False,2024-11-10 16:14:00
U0490,C045,4,70,False,2025-02-14 05:26:00
U0279,C012,4,74,False,2024-11-26 07:56:00
U0110,C042,4,89,False,2024-12-02 09:13:00
U0487,C028,2,56,False,2025-02-27 15:35:00
U0422,C053,3,66,False,2024-06-05 03:42:00
U0178,C100,4,70,False,2024-10-03 01:43:00
U0454,C092,4,72,False,2024-12-15 08:34:00
U0371,C087,3,71,False,2024-12-09 16:51:00
U0261,C072,4,69,False,2024-10-30 20:12:00
U0165,C014,4,84,False,2024-08-25 17:34:00
U0004,C054,4,89,False,2024-09-18 21:27:00
U0428,C089,3,43,False,2025-01-09 20:52:00
U0482,C083,4,89,False,2024-06-13 14:45:00
U0170,C013,4,81,False,2024-06-28 05:50:00
U0129,C099,5,71,False,2024-09-25 08:26:00
U0199,C097,4,76,False,2025-01-08 10:01:00
U0200,C018,4,96,True,2024-06-04 20:46:00
U0317,C078,4,92,True,2024-06-24 22:54:00
U0038,C093,5,80,False,2024-07-25 09:50:00
U0352,C003,4,75,False,2024-10-23 14:24:00
U0203,C029,2,15,False,2024-06-16 15:10:00
U0274,C063,5,95,True,2025-03-07 09:40:00
U0074,C089,2,18,False,2024-12-09 00:35:00
U0448,C008,5,62,False,2024-06-22 00:36:00
U0306,C099,4,90,True,2024-07-14 09:13:00
U0384,C075,3,37,False,2024-11-24 06:26:00
U0464,C093,4,69,False,2024-08-12 05:11:00
U0114,C029,4,77,False,2024-09-08 03:11:00
U0344,C025,3,82,False,2024-06-28 17:29:00
U0331,C085,3,59,False,2024-07-05 08:06:00
U0102,C083,2,28,False,2025-02-05 10:22:00
U0066,C056,3,26,False,2024-07-22 09:39:00
U0036,C082,2,45,False,2024-11-10 15:28:00
U0169,C040,2,48,False,2025-03-27 04:36:00
U0291,C041,3,54,False,2025-01-06 05:00:00
U0161,C094,3,54,False,2025-01-10 08:53:00
U0185,C042,5,91,True,2025-02-01 14:28:00
U0184,C056,3,63,False,2025-02-05 17:06:00
U0090,C023,4,73,False,2024-10-22 04:57:00
U0276,C064,4,80,False,2024-07-10 23:04:00
U0457,C047,4,68,False,2024-06-16 18:37:00
U0208,C099,5,86,False,2024-09-17 01:35:00
U0134,C088,3,92,True,2025-01-28 20:49:00
U0077,C018,5,100,True,2024-10-27 04:29:00
U0257,C077,4,94,True,2024-12-04 16:00:00
U0340,C080,3,70,False,2024-08-24 16:08:00
U0229,C099,4,59,False,2025-03-17 21:55:00
U0496,C076,5,52,False,2024-12-01 01:14:00
U0390,C003,2,30,False,2024-10-14 11:14:00
U0022,C099,4,94,True,2024-12-02 12:30:00
U0470,C012,4,100,True,2024-06-21 20:20:00
U0053,C034,4,72,False,2025-02-22 20:53:00
U0141,C099,3,33,False,2024-10-13 18:34:00
U0292,C045,4,78,False,2024-12-05 18:41:00
U0460,C088,4,98,True,2025-02-20 08:24:00
U0499,C033,4,79,False,2025-02-20 12:22:00
U0419,C090,3,55,False,2025-02-05 15:56:00
U0310,C019,3,67,False,2025-01-12 05:14:00
U0040,C039,3,52,False,2024-09-17 04:11:00
U0081,C043,4,87,False,2024-07-31 21:14:00
U0213,C021,4,100,True,2024-07-29 15:43:00
U0246,C088,3,48,False,2024-08-22 20:53:00
U0211,C061,4,100,True,2024-08-05 18:37:00
U0083,C079,4,100,True,2024-06-21 18:09:00
U0029,C042,4,97,True,2025-02-20 12:38:00
U0497,C001,5,82,False,2024-10-24 02:13:00
U0230,C078,3,49,False,2025-02-02 05:14:00
U0426,C035,5,93,True,2025-03-26 05:39:00
U0338,C016,3,48,False,2024-11-23 14:38:00
U0303,C045,2,46,False,2024-12-15 04:06:00
U0009,C083,4,77,False,2025-01-01 04:38:00
U0050,C100,4,47,False,2024-06-20 17:32:00
U0386,C016,3,81,False,2024-08-06 19:34:00
U0424,C074,4,84,False,2025-02-23 13:23:00
U0448,C094,4,91,True,2025-01-06 07:51:00
U0247,C025,4,79,False,2024-12-13 11:37:00
U0412,C049,4,58,False,2025-03-22 03:27:00
U0069,C018,4,78,False,2024-07-13 09:38:00
U0449,C035,3,64,False,2024-09-05 00:45:00
U0381,C025,3,74,False,2025-03-23 16:07:00
U0267,C061,3,65,False,2024-09-14 22:51:00
U0162,C014,3,39,False,2024-08-19 13:41:00
U0217,C080,4,64,False,2024-10-20 21:25:00
U0387,C058,3,31,False,2025-03-13 15:11:00
U0190,C066,5,80,False,2024-10-08 09:36:00
U0177,C005,3,79,False,2024-12-21 23:08:00
U0438,C010,3,50,False,2024-07-31 23:14:00
U0229,C081,2,33,False,2024-08-22 03:13:00
U0261,C081,3,30,False,2025-03-09 19:44:00
U0351,C049,1,45,False,2024-08-22 12:40:00
U0003,C045,4,65,False,2024-08-14 15:59:00
U0308,C082,4,94,True,2024-10-13 07:23:00
U0041,C047,3,56,False,2024-12-23 19:41:00
U0267,C060,5,43,False,2024-06-30 05:40:00
U0254,C074,3,36,False,2025-02-21 09:12:00
U0018,C028,3,33,False,2025-02-17 16:44:00
U0119,C003,5,93,True,2024-12-02 07:41:00
U0001,C075,2,24,False,2024-07-15 08:49:00
U0205,C043,5,95,True,2024-12-25 18:12:00
U0266,C013,3,86,False,2024-07-17 17:18:00
U0372,C010,2,5,False,2025-03-26 11:22:00
U0494,C063,1,39,False,2024-09-24 19:12:00
U0233,C099,3,66,False,2025-03-22 00:16:00
U0090,C024,3,45,False,2025-03-14 02:32:00
U0151,C004,3,37,False,2025-02-18 08:56:00
U0276,C011,2,35,False,2025-03-22 08:44:00
U0227,C099,2,11,False,2025-03-16 15:49:00
U0125,C099,4,84,False,2025-01-21 21:29:00
U0460,C051,3,44,False,2025-02-02 03:16:00
U0035,C035,4,83,False,2024-09-26 10:26:00
U0490,C075,5,100,True,2024-06-05 22:53:00
U0135,C003,4,68,False,2024-12-22 21:47:00
U0421,C086,3,34,False,2024-08-31 15:20:00
U0182,C059,4,38,False,2024-10-16 05:47:00
U0350,C021,3,36,False,2024-09-06 15:47:00
U0103,C046,4,55,False,2024-10-14 06:14:00
U0104,C011,5,55,False,2024-11-30 04:49:00
U0055,C023,4,73,False,2025-02-08 19:00:00
U0392,C010,5,71,False,2024-06-22 15:23:00
U0318,C050,4,63,False,2024-10-19 15:11:00
U0392,C074,2,60,False,2024-10-22 12:14:00
U0385,C052,2,9,False,2025-02-25 13:30:00
U0482,C089,4,81,False,2024-11-25 12:55:00
U0352,C011,3,51,False,2025-01-21 03:44:00
U0266,C011,5,83,False,2024-06-07 21:13:00
U0195,C071,4,73,False,2024-12-03 19:55:00
U0133,C049,3,46,False,2024-09-30 08:30:00
U0491,C022,4,73,False,2024-09-03 15:27:00
U0108,C065,4,100,True,2024-12-08 11:54:00
U0206,C016,4,75,False,2025-03-20 04:36:00
U0352,C004,5,73,False,2024-10-17 07:35:00
U0222,C037,2,5,False,2024-09-09 04:51:00
U0492,C025,3,88,False,2025-01-29 00:11:00
U0216,C074,4,76,False,2025-03-01 23:20:00
U0403,C085,4,46,False,2025-03-15 18:03:00
U0204,C036,4,91,True,2024-07-01 06:52:00
U0131,C024,3,77,False,2025-01-17 23:21:00
U0286,C011,4,98,True,2024-10-10 11:01:00
U0211,C070,4,81,False,2024-09-10 18:36:00
U0333,C076,3,63,False,2024-10-24 11:20:00
U0345,C089,3,38,False,2024-07-11 12:39:00
U0147,C010,5,86,False,2024-08-25 20:51:00
U0476,C070,3,71,False,2025-03-20 12:54:00
U0465,C006,5,73,False,2024-11-23 07:20:00
U0163,C043,3,43,False,2024-10-15 19:41:00
U0203,C069,4,94,True,2024-12-03 23:37:00
U0267,C062,4,100,True,2024-12-29 05:11:00
U0438,C034,3,30,False,2024-10-07 23:44:00
U0384,C011,2,47,False,2024-12-21 03:06:00
U0033,C044,3,100,True,2025-01-29 17:03:00
U0014,C059,3,69,False,2025-02-24 02:06:00
U0336,C068,3,63,False,2024-12-17 09:14:00
U0127,C011,5,100,True,2025-01-13 20:08:00
U0068,C031,5,72,False,2024-06-15 01:42:00
U0183,C097,3,70,False,2024-11-14 15:29:00
U0500,C010,3,76,False,2024-10-18 17:28:00
U0070,C057,2,22,False,2025-03-04 05:37:00
U0306,C100,5,71,False,2025-01-09 16:40:00
U0328,C100,4,45,False,2024-11-25 15:34:00
U0117,C097,1,5,False,2025-01-13 09:23:00
U0212,C010,3,88,False,2024-06-06 00:33:00
U0418,C021,2,22,False,2024-08-09 11:18:00
U0241,C096,4,60,False,2025-01-31 09:00:00
U0393,C059,4,77,False,2024-09-27 00:35:00
U0192,C086,5,52,False,2025-01-10 12:15:00
U0084,C062,2,8,False,2024-12-17 12:14:00
U0135,C008,5,80,False,2025-02-20 19:51:00
U0356,C039,4,79,False,2025-02-28 08:26:00
U0097,C017,3,58,False,2024-09-02 04:18:00
U0057,C100,5,63,False,2025-01-18 08:44:00
U0319,C071,5,40,False,2024-06-10 04:03:00
U0497,C003,2,6,False,2024-07-23 09:17:00
U0065,C054,2,19,False,2024-06-05 07:05:00
U0078,C027,3,39,False,2024-11-23 13:19:00
U0403,C063,2,23,False,2024-12-08 14:44:00
U0406,C043,4,68,False,2024-08-14 01:17:00
U0398,C059,4,80,False,2025-01-27 05:12:00
U0459,C021,3,32,False,2024-12-13 00:07:00
U0499,C005,4,78,False,2024-10-06 12:49:00
U0500,C012,4,64,False,2024-09-10 14:47:00
U0395,C092,3,50,False,2024-09-15 15:24:00
U0349,C021,3,63,False,2024-11-13 05:40:00
U0373,C070,3,78,False,2025-03-09 16:07:00
U0130,C055,3,67,False,2024-09-10 11:56:00
U0027,C025,2,51,False,2024-09-20 03:15:00
U0325,C011,3,38,False,2024-08-25 08:37:00
U0062,C018,5,53,False,2024-06-05 01:37:00
U0402,C093,4,58,False,2024-08-19 11:49:00
U0046,C028,5,47,False,2024-07-17 21:39:00
U0174,C036,3,53,False,2024-07-01 01:22:00
U0331,C089,3,62,False,2024-07-25 04:31:00
U0120,C086,4,96,True,2024-11-25 14:46:00
U0099,C013,4,82,False,2024-12-01 23:08:00
U0129,C036,5,90,True,2025-02-04 22:28:00
U0287,C058,3,46,False,2024-09-06 18:11:00
U0279,C018,3,57,False,2024-10-19 19:58:00
U0441,C023,2,33,False,2025-02-27 04:28:00
U0152,C053,4,87,False,2025-03-05 11:29:00
U0001,C017,5,100,True,2025-02-15 12:46:00
U0095,C063,1,5,False,2024-12-04 19:15:00
U0165,C049,2,27,False,2025-03-03 12:12:00
U0269,C019,3,66,False,2024-08-18 19:18:00
U0166,C071,2,13,False,2024-07-27 03:33:00
U0338,C015,5,66,False,2024-08-31 01:12:00
U0055,C024,4,53,False,2024-06-17 18:41:00
U0429,C092,5,75,False,2025-02-25 19:44:00
U0303,C044,4,82,False,2024-09-22 19:45:00
U0037,C014,4,57,False,2025-02-07 02:29:00
U0411,C052,4,70,False,2025-03-13 23:56:00
U0213,C057,5,69,False,2024-06-30 19:17:00
U0271,C003,4,100,True,2024-11-03 02:13:00
U0492,C014,3,91,True,2024-09-27 17:24:00
U0098,C052,4,71,False,2024-10-06 18:40:00
U0486,C048,4,94,True,2024-12-30 23:06:00
U0393,C083,4,56,False,2025-01-21 22:42:00
U0219,C025,3,50,False,2024-08-25 05:35:00
U0206,C062,5,81,False,2024-08-20 17:38:00
U0227,C069,3,76,False,2024-11-09 17:20:00
U0433,C028,4,86,False,2024-11-13 19:15:00
U0289,C065,4,55,False,2025-03-09 23:16:00
U0185,C021,4,82,False,2025-01-16 12:00:00
U0372,C060,4,76,False,2024-06-09 16:08:00
U0456,C040,5,78,False,2024-09-22 06:54:00
U0162,C077,3,72,False,2024-10-20 17:32:00
U0285,C069,3,65,False,2024-08-19 03:02:00
U0236,C009,3,80,False,2024-10-14 11:56:00
U0299,C059,3,57,False,2024-11-01 02:36:00
U0205,C037,4,51,False,2024-07-10 23:20:00
U0406,C066,3,75,False,2025-03-23 03:38:00
U0329,C084,4,84,False,2025-03-23 12:05:00
U0400,C006,3,66,False,2024-11-26 13:26:00
U0477,C005,3,76,False,2024-09-25 23:41:00
U0435,C001,3,83,False,2024-12-13 01:19:00
U0290,C077,5,74,False,2024-09-22 04:03:00
U0345,C091,2,5,False,2024-12-19 14:48:00
U0305,C036,3,70,False,2024-09-22 13:18:00
U0403,C083,3,38,False,2024-11-20 02:30:00
U0293,C025,2,13,False,2025-03-08 12:16:00
U0044,C078,4,83,False,2024-08-06 04:30:00
U0287,C057,5,65,False,2025-03-20 06:35:00
U0316,C021,3,38,False,2025-02-24 07:15:00
U0037,C038,5,70,False,2024-11-13 21:59:00
U0295,C077,5,100,True,2025-01-03 11:22:00
U0098,C030,2,26,False,2024-06-13 09:10:00
U0180,C065,3,43,False,2024-08-14 14:02:00
U0474,C011,3,78,False,2024-09-11 21:23:00
U0080,C008,2,7,False,2024-07-14 03:47:00
U0028,C080,4,95,True,2024-08-15 09:00:00
U0176,C014,4,74,False,2024-11-04 14:30:00
U0012,C074,3,40,False,2025-03-03 06:13:00
U0280,C059,5,94,True,2025-03-08 15:39:00
U0374,C055,2,19,False,2024-06-10 12:37:00
U0464,C023,4,85,False,2024-10-09 05:03:00
U0146,C060,4,100,True,2024-10-17 01:29:00
U0336,C010,1,6,False,2024-07-05 12:42:00
U0139,C070,4,65,False,2024-12-02 03:01:00
U0150,C049,2,28,False,2024-12-15 07:24:00
U0261,C089,1,11,False,2024-07-21 10:31:00
U0444,C002,5,85,False,2024-09-04 06:32:00
U0495,C051,5,63,False,2024-06-21 07:59:00
U0272,C018,2,31,False,2024-12-19 23:10:00
U0010,C016,4,84,False,2024-11-29 20:19:00
U0121,C063,4,87,False,2025-02-12 08:51:00
U0032,C079,5,97,True,2024-12-16 00:35:00
U0486,C005,5,89,False,2024-11-22 12:42:00
U0071,C083,4,82,False,2025-02-22 21:39:00
U0447,C038,5,67,False,2024-12-31 07:36:00
U0079,C030,4,74,False,2024-11-16 14:34:00
U0068,C019,4,99,True,2025-03-25 17:43:00
U0410,C053,4,80,False,2024-11-06 22:45:00
U0461,C073,3,69,False,2025-01-07 04:41:00
U0478,C041,4,100,True,2024-11-10 02:35:00
U0273,C074,3,46,False,2024-07-31 05:20:00
U0430,C053,3,60,False,2024-06-16 10:56:00
U0499,C034,4,82,False,2024-11-03 14:47:00
U0479,C010,3,63,False,2024-10-19 04:49:00
U0097,C006,4,73,False,2024-06-14 19:39:00
U0137,C080,3,58,False,2024-09-27 19:14:00
U0119,C063,2,39,False,2024-07-11 22:49:00
U0245,C070,3,57,False,2025-01-27 22:41:00
U0192,C075,4,72,False,2025-02-07 15:08:00
U0084,C002,4,49,False,2024-12-27 00:59:00
U0139,C074,2,53,False,2024-09-22 23:42:00
U0104,C025,1,22,False,2024-07-04 05:59:00
U0489,C078,2,35,False,2025-02-06 22:20:00
U0444,C004,4,71,False,2025-01-05 12:49:00
U0022,C097,3,72,False,2024-11-08 12:39:00
U0481,C097,2,7,False,2025-03-02 16:41:00
U0449,C097,5,63,False,2024-06-20 16:06:00
U0232,C061,2,14,False,2024-10-04 16:34:00
U0203,C099,4,76,False,2024-06-21 17:24:00
U0265,C021,1,46,False,2024-06-26 06:18:00
U0226,C060,4,96,True,2024-10-25 14:10:00
U0217,C090,4,86,False,2024-06-28 22:33:00
U0463,C028,4,86,False,2024-07-17 23:32:00
U0058,C098,4,99,True,2025-03-07 04:25:00
U0212,C001,4,90,True,2024-08-31 14:37:00
U0460,C078,2,24,False,2024-09-12 14:05:00
U0129,C026,4,68,False,2024-08-03 02:07:00
U0362,C054,3,48,False,2024-07-14 16:45:00
U0197,C049,3,41,False,2025-02-17 19:10:00
U0194,C001,4,70,False,2024-08-27 10:36:00
U0447,C035,3,17,False,2024-08-23 04:11:00
U0394,C005,4,69,False,2025-01-01 09:19:00
U0374,C048,2,36,False,2025-01-15 09:40:00
U0093,C063,4,86,False,2024-09-12 00:39:00
U0392,C085,3,54,False,2025-02-10 15:34:00
U0414,C092,4,62,False,2024-09-30 06:37:00
U0338,C074,5,93,True,2025-01-13 02:38:00
U0308,C089,4,80,False,2024-10-21 19:40:00
U0286,C025,3,55,False,2024-09-15 01:11:00
U0076,C006,3,53,False,2024-06-19 04:54:00
U0017,C077,4,69,False,2024-10-31 10:58:00
U0045,C077,4,64,False,2024-08-31 05:43:00
U0146,C059,4,89,False,2025-03-21 17:11:00
U0495,C089,3,46,False,2024-12-02 01:05:00
U0394,C042,4,68,False,2024-12-12 02:48:00
U0219,C068,3,42,False,2024-07-04 09:30:00
U0069,C019,4,85,False,2024-11-16 16:26:00
U0269,C014,4,89,False,2024-06-30 03:36:00
U0374,C025,4,94,True,2025-02-26 02:30:00
U0371,C040,4,99,True,2025-01-05 19:54:00
U0163,C039,4,100,True,2024-11-29 04:39:00
U0289,C092,3,59,False,2025-02-08 05:56:00
U0313,C039,3,44,False,2024-09-08 00:07:00
U0013,C014,4,96,True,2024-09-15 19:26:00
U0212,C082,5,78,False,2025-03-14 20:13:00
U0006,C039,3,70,False,2024-10-09 02:19:00
U0154,C061,3,66,False,2024-06-04 03:43:00
U0171,C097,3,59,False,2024-06-15 05:12:00
U0170,C005,2,5,False,2025-02-01 15:51:00
U0019,C068,4,89,False,2024-08-19 20:29:00
U0457,C070,1,11,False,2024-11-19 14:50:00
U0417,C004,2,55,False,2025-02-22 09:36:00
U0372,C088,4,100,True,2025-03-02 00:13:00
U0296,C056,2,16,False,2024-07-04 04:17:00
U0431,C053,4,82,False,2025-03-01 05:36:00
U0311,C030,4,61,False,2024-07-30 09:45:00
U0440,C053,5,91,True,2024-10-18 13:05:00
U0255,C010,3,60,False,2024-12-08 14:53:00
U0487,C019,3,41,False,2024-11-02 05:07:00
U0192,C099,3,49,False,2024-09-12 02:28:00
U0260,C076,2,24,False,2025-02-12 04:12:00
U0175,C090,3,5,False,2025-02-24 09:49:00
U0168,C054,5,53,False,2025-02-20 21:08:00
U0106,C011,3,53,False,2025-01-22 12:45:00
U0443,C031,4,61,False,2024-11-07 01:43:00
U0435,C006,5,69,False,2024-11-18 14:56:00
U0024,C025,2,20,False,2024-06-12 18:48:00
U0160,C017,2,28,False,2024-11-12 06:12:00
U0147,C051,3,79,False,2025-01-12 21:07:00
U0140,C055,4,59,False,2024-07-29 00:39:00
U0287,C054,3,65,False,2025-03-05 11:35:00
U0164,C049,4,98,True,2025-03-21 07:10:00
U0037,C032,5,78,False,2025-03-04 14:03:00
U0067,C071,4,99,True,2024-07-25 12:03:00
U0045,C052,3,62,False,2025-01-15 19:22:00
U0366,C010,3,54,False,2025-03-01 02:59:00
U0387,C053,4,64,False,2025-03-18 04:05:00
U0417,C097,3,15,False,2025-01-26 03:29:00
U0159,C060,4,85,False,2025-01-27 07:14:00
U0074,C041,1,60,False,2024-10-11 11:25:00
U0094,C046,3,63,False,2024-11-14 14:31:00
U0016,C004,3,67,False,2024-11-27 15:29:00
U0434,C085,4,70,False,2024-11-26 19:36:00
U0066,C066,5,77,False,2024-07-25 10:35:00
U0333,C080,4,66,False,2025-02-28 14:25:00
U0303,C060,4,100,True,2024-10-03 17:10:00
U0499,C003,4,84,False,2024-11-22 06:52:00
U0356,C088,3,56,False,2025-03-18 10:34:00
U0356,C005,4,86,False,2025-03-21 15:07:00
U0304,C021,3,68,False,2025-03-12 03:52:00
U0228,C053,3,87,False,2024-07-06 19:06:00
U0351,C063,3,39,False,2024-12-12 10:31:00
U0331,C082,4,84,False,2024-09-20 04:56:00
U0298,C090,3,83,False,2024-06-01 04:42:00
U0077,C020,4,85,False,2024-12-17 19:36:00
U0229,C091,2,10,False,2024-11-01 18:50:00
U0468,C054,5,88,False,2024-11-24 02:37:00
U0005,C073,4,89,False,2024-12-24 04:54:00
U0151,C099,5,76,False,2025-03-09 01:00:00
U0361,C076,4,64,False,2024-07-27 09:55:00
U0016,C083,3,22,False,2024-12-19 20:20:00
U0365,C023,3,86,False,2025-01-09 17:13:00
U0340,C015,2,20,False,2024-09-05 17:24:00
U0432,C027,4,95,True,2024-12-31 04:18:00
U0006,C022,3,100,True,2024-08-13 23:56:00
U0250,C035,4,75,False,2024-07-14 04:41:00
U0413,C075,2,59,False,2025-01-04 19:11:00
U0233,C098,3,22,False,2025-01-17 12:22:00
U0116,C099,5,100,True,2024-06-04 18:31:00
U0434,C058,4,88,False,2025-02-12 08:26:00
U0475,C082,3,62,False,2024-06-18 01:36:00
U0248,C097,3,49,False,2024-07-28 18:30:00
U0493,C010,2,23,False,2025-02-25 08:29:00
U0265,C100,3,32,False,2024-07-16 07:30:00
U0323,C081,1,30,False,2024-07-10 21:40:00
U0277,C059,3,73,False,2024-11-07 19:03:00
U0463,C021,3,50,False,2025-01-27 14:32:00
U0464,C062,4,65,False,2025-01-02 11:51:00
U0151,C002,4,59,False,2024-11-03 23:50:00
U0289,C091,3,61,False,2025-03-24 05:36:00
U0027,C030,2,31,False,2024-06-14 09:31:00
U0043,C073,4,88,False,2024-10-21 08:08:00
U0316,C077,4,100,True,2024-06-08 23:07:00
U0310,C098,4,73,False,2024-08-17 21:28:00
U0190,C097,5,85,False,2024-10-12 22:15:00
U0249,C089,3,63,False,2024-06-17 10:05:00
U0496,C055,4,60,False,2025-02-09 13:49:00
U0197,C055,5,75,False,2024-08-25 06:36:00
U0376,C097,1,14,False,2024-06-28 20:16:00
U0387,C074,4,71,False,2024-06-27 05:29:00
U0205,C046,5,67,False,2025-02-28 07:24:00
U0350,C010,2,57,False,2025-01-29 08:09:00
U0272,C056,3,40,False,2024-06-07 09:59:00
U0409,C036,3,64,False,2025-02-27 21:02:00
U0050,C010,3,52,False,2024-11-29 13:39:00
U0471,C005,4,100,True,2024-11-19 08:17:00
U0411,C059,3,27,False,2024-12-18 14:49:00
U0346,C057,3,54,False,2024-09-08 16:21:00
U0347,C043,4,68,False,2024-11-08 17:00:00
U0345,C055,3,16,False,2024-06-07 13:06:00
U0269,C018,4,96,True,2024-11-27 07:46:00
U0146,C003,4,71,False,2024-06-13 19:05:00
U0030,C054,3,50,False,2024-09-20 19:40:00
U0063,C010,2,14,False,2024-08-01 02:54:00
U0310,C097,3,51,False,2024-09-03 03:44:00
U0095,C075,3,55,False,2024-07-09 20:29:00
U0473,C078,3,23,False,2025-01-05 22:57:00
U0342,C091,4,100,True,2024-11-13 08:10:00
U0400,C001,3,30,False,2024-12-13 12:21:00
U0031,C097,4,100,True,2024-10-14 05:28:00
U0036,C023,3,89,False,2024-12-19 05:41:00
U0252,C018,4,69,False,2025-01-07 06:39:00
U0330,C078,3,67,False,2024-10-11 03:02:00
U0038,C037,3,56,False,2025-01-15 00:57:00
U0255,C051,5,75,False,2024-06-20 21:24:00
U0137,C071,5,61,False,2024-12-18 18:00:00
U0264,C078,3,48,False,2025-02-07 15:27:00
U0207,C099,3,70,False,2024-07-06 17:14:00
U0002,C058,4,98,True,2024-08-02 18:34:00
U0479,C062,3,48,False,2024-11-18 21:19:00
U0206,C061,4,77,False,2024-07-17 11:34:00
U0437,C074,2,11,False,2024-07-12 14:48:00
U0393,C053,3,50,False,2024-08-30 17:02:00
U0496,C057,4,90,True,2024-11-01 22:24:00
U0459,C052,3,22,False,2025-02-05 02:56:00
U0324,C007,5,63,False,2024-08-11 01:12:00
U0013,C049,3,71,False,2024-10-01 15:24:00
U0033,C099,2,31,False,2024-11-05 15:34:00
U0495,C097,3,53,False,2025-01-17 00:02:00
U0174,C081,4,75,False,2024-12-25 03:13:00
U0414,C094,4,84,False,2025-01-21 21:55:00
U0448,C098,3,74,False,2024-09-28 02:02:00
U0377,C081,4,68,False,2024-06-10 15:58:00
U0471,C004,4,66,False,2024-08-06 00:11:00
U0324,C010,4,79,False,2024-07-20 14:39:00
U0088,C062,2,27,False,2024-07-03 03:07:00
U0255,C090,5,75,False,2024-09-21 02:51:00
U0104,C047,3,65,False,2024-11-14 03:43:00
U0295,C071,2,25,False,2024-09-18 01:37:00
U0089,C064,3,35,False,2024-10-19 04:48:00
U0213,C052,4,80,False,2025-03-11 05:28:00
U0125,C036,3,15,False,2024-06-21 04:06:00
U0406,C037,3,39,False,2024-12-10 05:01:00
U0451,C011,4,60,False,2024-06-04 05:59:00
U0046,C063,2,47,False,2024-10-24 13:44:00
U0414,C008,2,18,False,2025-01-30 22:08:00
U0106,C029,3,40,False,2025-02-23 14:26:00
U0123,C010,2,27,False,2024-06-20 19:11:00
U0368,C016,4,80,False,2024-11-02 11:26:00
U0003,C007,4,97,True,2024-07-31 16:06:00
U0317,C075,4,57,False,2025-02-15 07:29:00
U0395,C027,2,39,False,2024-10-20 01:12:00
U0058,C010,3,74,False,2025-01-29 15:11:00
U0082,C011,3,31,False,2024-06-28 20:23:00
U0146,C017,5,75,False,2024-11-19 19:51:00
U0456,C069,2,5,False,2024-06-23 03:47:00
U0027,C005,4,68,False,2024-08-30 05:50:00
U0015,C032,4,63,False,2024-07-07 07:46:00
U0228,C051,3,54,False,2025-01-01 06:47:00
U0347,C053,4,77,False,2024-09-26 03:20:00
U0117,C077,4,66,False,2024-09-11 12:57:00
U0113,C029,3,37,False,2025-02-04 01:56:00
U0224,C060,4,100,True,2025-01-19 05:24:00
U0192,C043,3,22,False,2024-12-01 08:12:00
U0172,C083,5,76,False,2025-03-19 01:17:00
U0070,C095,3,75,False,2025-01-21 13:10:00
U0390,C010,3,91,True,2024-08-20 20:39:00
U0464,C096,4,72,False,2024-09-26 02:26:00
U0439,C068,5,70,False,2024-09-19 18:30:00
U0429,C021,4,84,False,2025-01-06 23:55:00
U0127,C058,5,100,True,2025-03-24 07:57:00
U0475,C005,4,68,False,2025-03-21 00:26:00
U0023,C046,4,69,False,2025-02-14 01:27:00
U0272,C012,5,82,False,2025-01-18 15:15:00
U0043,C071,3,58,False,2024-12-26 06:08:00
U0184,C002,3,35,False,2024-06-09 15:42:00
U0157,C070,5,70,False,2025-03-20 23:37:00
U0013,C063,2,18,False,2025-01-24 04:55:00
U0321,C001,4,69,False,2024-07-07 12:57:00
U0354,C041,3,72,False,2024-10-30 13:48:00
U0139,C040,4,99,True,2025-03-05 18:50:00
U0107,C028,3,49,False,2024-07-12 19:56:00
U0172,C060,3,79,False,2024-06-29 16:58:00
U0346,C031,3,55,False,2024-07-27 12:23:00
U0239,C074,5,100,True,2024-12-05 05:41:00
U0287,C070,3,76,False,2025-03-15 22:49:00
U0105,C031,3,38,False,2024-10-01 17:07:00
U0333,C099,3,15,False,2024-09-16 23:48:00
U0116,C068,5,63,False,2025-02-13 21:27:00
U0142,C032,4,75,False,2024-11-24 14:31:00
U0257,C072,4,92,True,2025-01-27 22:34:00
U0348,C025,3,60,False,2024-10-28 14:39:00
U0189,C088,4,84,False,2024-07-04 06:57:00
U0453,C043,4,100,True,2024-12-18 05:18:00
U0491,C088,4,91,True,2024-07-26 05:17:00
U0058,C092,3,65,False,2024-08-17 06:33:00
U0488,C060,4,80,False,2024-12-31 21:34:00
U0478,C073,4,78,False,2025-01-02 14:47:00
U0331,C084,4,88,False,2024-07-03 00:55:00
U0411,C057,4,57,False,2024-11-19 13:37:00
U0176,C046,4,90,True,2024-11-15 15:37:00
U0341,C019,5,96,True,2025-01-14 14:19:00
U0291,C076,2,26,False,2024-11-04 05:50:00
U0134,C082,5,89,False,2024-10-26 01:09:00
U0181,C061,4,93,True,2024-08-22 22:34:00
U0147,C022,3,64,False,2024-08-18 05:15:00
U0060,C041,3,54,False,2025-03-22 04:28:00
U0134,C067,4,66,False,2025-03-15 22:02:00
U0341,C016,5,73,False,2024-08-15 11:28:00
U0277,C015,4,85,False,2025-03-01 09:07:00
U0472,C070,3,63,False,2025-02-11 04:29:00
U0476,C061,5,70,False,2025-03-07 16:21:00
U0332,C053,1,8,False,2025-01-29 09:48:00
U0294,C097,3,38,False,2025-01-13 10:44:00
U0058,C091,5,74,False,2024-06-21 04:43:00
U0283,C091,4,93,True,2024-12-23 19:53:00
U0113,C013,3,19,False,2024-11-15 01:38:00
U0329,C077,2,43,False,2024-09-22 08:12:00
U0012,C078,3,100,True,2025-01-15 21:42:00
U0491,C027,3,58,False,2024-12-19 06:31:00
U0163,C037,5,100,True,2024-06-29 21:23:00
U0204,C078,5,98,True,2025-01-05 11:24:00
U0191,C082,5,88,False,2024-11-27 09:28:00
U0448,C034,4,71,False,2025-01-14 23:26:00
U0412,C003,3,54,False,2025-01-04 23:57:00
U0307,C034,4,73,False,2024-11-03 15:55:00
U0269,C074,4,90,True,2024-07-04 18:48:00
U0193,C054,1,37,False,2024-10-18 13:11:00
U0387,C011,3,17,False,2024-09-11 05:53:00
U0196,C046,4,78,False,2024-06-22 09:53:00
U0379,C012,5,89,False,2024-06-02 04:16:00
U0154,C100,3,66,False,2025-01-28 03:41:00
U0341,C034,4,88,False,2024-12-31 05:31:00
U0465,C008,4,65,False,2024-06-15 03:48:00
U0142,C023,3,76,False,2024-12-03 18:30:00
U0290,C039,5,100,True,2025-01-30 22:52:00
U0062,C044,3,32,False,2025-03-22 00:54:00
U0133,C042,4,53,False,2024-08-14 10:29:00
U0450,C062,4,77,False,2024-08-23 01:17:00
U0185,C043,3,23,False,2024-06-25 09:18:00
U0264,C052,4,72,False,2024-07-19 19:48:00
U0086,C056,3,5,False,2024-11-02 08:43:00
U0358,C022,4,100,True,2025-03-01 18:22:00
U0422,C073,5,73,False,2025-02-21 09:23:00
U0399,C081,3,64,False,2024-08-23 03:13:00
U0080,C024,3,61,False,2025-03-14 19:44:00
U0426,C071,3,57,False,2025-02-28 22:35:00
U0360,C010,4,76,False,2024-07-29 13:29:00
U0470,C015,3,38,False,2024-06-09 15:22:00
U0160,C015,4,85,False,2025-01-13 19:33:00
U0391,C025,2,48,False,2024-08-28 22:19:00
U0015,C074,3,40,False,2024-07-31 07:08:00
U0439,C063,2,38,False,2024-09-25 09:08:00
U0108,C003,4,75,False,2025-01-04 22:48:00
U0402,C001,4,87,False,2025-02-03 13:02:00
U0101,C009,2,17,False,2024-07-01 15:07:00
U0466,C023,4,61,False,2024-11-02 21:00:00
U0387,C014,4,59,False,2024-09-14 18:57:00
U0103,C063,4,79,False,2024-06-15 02:09:00
U0143,C025,2,12,False,2024-11-26 11:10:00
U0438,C040,4,97,True,2024-10-02 16:36:00
U0035,C088,3,56,False,2024-06-08 16:13:00
U0367,C010,4,90,True,2024-08-27 17:00:00
U0499,C010,4,100,True,2024-09-18 16:54:00
U0363,C040,4,67,False,2024-09-03 14:43:00
U0195,C083,3,53,False,2024-09-25 13:07:00
U0390,C097,3,73,False,2024-08-03 14:07:00
U0267,C065,2,9,False,2024-12-02 22:18:00
U0286,C063,2,26,False,2024-07-13 10:31:00
U0060,C050,5,80,False,2024-11-07 21:53:00
U0228,C054,3,53,False,2024-10-27 13:12:00
U0439,C067,3,67,False,2025-01-30 21:23:00
U0092,C082,3,44,False,2025-02-07 21:06:00
U0203,C016,5,68,False,2024-08-01 04:25:00
U0206,C014,3,56,False,2024-08-26 02:23:00
U0500,C017,3,65,False,2024-12-24 03:14:00
U0430,C068,4,79,False,2024-10-21 22:49:00
U0298,C056,4,68,False,2024-11-30 15:42:00
U0309,C097,3,100,True,2025-02-04 16:17:00
U0076,C010,5,87,False,2024-07-26 03:16:00
U0251,C073,5,71,False,2024-06-16 03:47:00
U0028,C097,4,58,False,2025-02-11 21:01:00
U0498,C079,4,69,False,2024-11-15 04:19:00
U0319,C015,5,96,True,2025-02-22 15:50:00
U0239,C092,3,80,False,2025-02-07 16:16:00
U0278,C095,4,92,True,2025-03-07 00:48:00
U0017,C011,4,89,False,2024-07-31 12:28:00
U0162,C025,2,18,False,2025-01-13 14:02:00
U0017,C072,3,63,False,2024-11-03 22:10:00
U0252,C010,5,63,False,2024-12-17 15:48:00
U0057,C092,4,100,True,2025-03-11 21:34:00
U0293,C076,4,86,False,2024-08-20 16:03:00
U0201,C078,3,63,False,2024-12-11 19:43:00
U0181,C092,2,21,False,2024-10-24 10:03:00
U0015,C033,4,75,False,2024-12-05 11:51:00
U0380,C075,5,83,False,2024-11-22 12:06:00
U0220,C063,3,66,False,2024-12-28 11:03:00
U0339,C056,4,84,False,2024-11-07 18:05:00
U0467,C070,5,85,False,2024-07-29 10:10:00
U0011,C042,3,15,False,2025-01-22 21:55:00
U0217,C089,4,99,True,2025-01-02 08:01:00
U0357,C041,4,46,False,2024-11-10 12:36:00
U0200,C004,3,74,False,2025-02-06 03:44:00
U0346,C038,4,67,False,2025-02-13 21:21:00
U0497,C008,3,46,False,2024-07-09 17:13:00
U0148,C055,3,14,False,2025-03-21 12:51:00
U0116,C056,4,98,True,2025-03-24 03:37:00
U0173,C069,2,43,False,2025-02-27 15:27:00
U0334,C088,3,54,False,2025-02-14 09:27:00
U0340,C017,3,61,False,2024-12-30 12:16:00
U0320,C079,3,78,False,2024-09-01 00:40:00
U0361,C073,3,59,False,2025-03-23 15:13:00
U0339,C011,2,32,False,2025-01-26 08:59:00
U0327,C060,3,70,False,2025-01-09 18:46:00
U0321,C007,5,95,True,2024-12-04 14:09:00
U0124,C060,2,26,False,2025-01-09 13:20:00
U0441,C018,3,58,False,2024-07-03 20:13:00
U0434,C087,4,87,False,2024-10-25 20:10:00
U0132,C038,4,96,True,2024-12-25 07:07:00
U0409,C025,3,68,False,2025-01-24 15:35:00
U0224,C059,3,58,False,2024-06-19 06:10:00
U0405,C040,4,78,False,2025-03-09 05:41:00
U0437,C054,2,37,False,2025-02-04 00:03:00
U0441,C099,3,36,False,2024-11-08 19:19:00
U0444,C007,4,86,False,2024-12-04 21:42:00
U0454,C093,3,70,False,2024-09-29 03:36:00
U0377,C054,4,84,False,2025-02-23 21:53:00
U0298,C081,2,41,False,2025-02-24 08:31:00
U0453,C090,3,71,False,2024-08-02 10:21:00
U0427,C085,4,100,True,2024-09-29 13:13:00
U0074,C017,4,74,False,2024-10-19 14:26:00
U0131,C005,1,20,False,2024-06-29 15:34:00
U0192,C018,2,36,False,2024-11-10 17:27:00
U0244,C039,5,67,False,2024-08-14 11:30:00
U0011,C060,4,93,True,2024-06-18 23:42:00
U0410,C057,4,77,False,2024-10-01 08:35:00
U0197,C073,4,97,True,2024-12-03 21:07:00
U0274,C008,3,78,False,2025-01-13 12:00:00
U0466,C010,4,87,False,2024-10-09 09:05:00
U0480,C091,3,100,True,2024-09-29 09:13:00
U0441,C036,2,5,False,2025-01-11 20:20:00
U0451,C074,4,83,False,2024-12-26 01:17:00
U0444,C008,5,63,False,2025-01-28 23:26:00
U0475,C062,4,91,True,2025-01-03 03:52:00
U0034,C099,4,55,False,2025-03-08 23:20:00
U0233,C012,4,67,False,2024-09-03 20:28:00
U0406,C041,5,77,False,2024-12-23 06:40:00
U0157,C026,4,88,False,2024-07-27 05:15:00
U0265,C070,5,81,False,2024-08-06 19:43:00
U0211,C010,2,5,False,2024-11-11 14:30:00
U0448,C047,2,5,False,2024-10-12 05:43:00
U0304,C012,2,36,False,2024-10-23 06:05:00
U0213,C053,4,58,False,2024-12-11 18:14:00
U0011,C004,4,71,False,2025-03-13 20:39:00
U0321,C003,4,100,True,2025-01-23 06:16:00
U0360,C025,3,68,False,2024-06-26 12:39:00
U0220,C010,4,68,False,2024-07-16 11:10:00
U0485,C041,3,39,False,2025-02-25 13:49:00
U0472,C049,3,76,False,2025-02-09 03:14:00
U0366,C068,3,41,False,2024-10-15 09:47:00
U0254,C077,3,17,False,2024-09-14 19:13:00
U0422,C074,4,77,False,2025-01-01 05:26:00
U0406,C050,4,100,True,2024-10-13 07:39:00
U0231,C025,2,27,False,2024-12-07 18:43:00
U0332,C041,5,93,True,2025-01-27 04:55:00
U0166,C010,2,5,False,2024-12-21 21:13:00
U0366,C054,3,48,False,2024-10-10 02:06:00
U0286,C032,5,72,False,2024-09-29 15:58:00
U0182,C010,2,15,False,2024-06-24 00:16:00
U0259,C040,4,86,False,2024-12-20 21:23:00
U0068,C066,4,53,False,2025-03-14 01:37:00
U0092,C027,4,91,True,2025-02-08 10:56:00
U0240,C006,4,89,False,2025-02-27 13:09:00
U0134,C062,4,68,False,2024-08-05 15:55:00
U0499,C011,3,50,False,2024-12-02 13:18:00
U0463,C025,5,72,False,2024-10-14 16:20:00
U0224,C005,3,34,False,2024-11-09 23:31:00
U0392,C025,4,99,True,2025-03-12 21:40:00
U0409,C034,4,92,True,2024-08-16 01:14:00
U0094,C045,5,68,False,2024-08-23 22:29:00
U0475,C085,3,33,False,2024-11-30 22:35:00
U0249,C082,3,83,False,2024-08-15 03:22:00
U0048,C030,4,87,False,2024-09-01 05:47:00
U0261,C090,4,92,True,2025-03-16 21:37:00
U0109,C051,4,53,False,2025-02-25 18:11:00
U0214,C027,4,91,True,2024-10-05 15:43:00
U0049,C067,3,46,False,2024-06-14 09:43:00
U0349,C086,3,50,False,2024-07-25 10:09:00
U0015,C038,3,70,False,2025-01-19 20:17:00
U0305,C062,5,100,True,2024-06-23 20:39:00
U0487,C020,3,50,False,2024-08-06 06:55:00
U0025,C032,5,62,False,2024-10-23 10:51:00
U0029,C058,1,16,False,2025-03-08 19:24:00
U0048,C026,4,84,False,2024-10-01 12:05:00
U0011,C067,3,32,False,2024-08-23 12:49:00
U0207,C005,4,72,False,2024-08-01 09:31:00
U0411,C020,4,86,False,2024-08-07 11:42:00
U0050,C005,3,47,False,2025-02-18 06:31:00
U0229,C011,1,19,False,2025-01-30 08:36:00
U0308,C087,4,83,False,2024-12-06 19:11:00
U0223,C003,4,93,True,2024-06-21 16:21:00
U0499,C008,2,5,False,2024-08-19 15:33:00
U0323,C023,4,49,False,2024-10-27 14:27:00
U0041,C011,4,100,True,2025-01-31 09:09:00
U0066,C060,4,87,False,2024-10-06 16:27:00
U0152,C086,2,16,False,2024-07-10 01:32:00
U0056,C044,3,42,False,2024-07-19 14:42:00
U0369,C027,4,72,False,2024-11-29 08:37:00
U0042,C025,3,64,False,2024-06-09 03:47:00
U0339,C052,4,52,False,2024-12-19 01:05:00
U0214,C011,5,66,False,2024-10-31 10:37:00
U0371,C085,2,20,False,2024-10-14 10:58:00
U0447,C100,4,93,True,2024-09-17 05:05:00
U0383,C054,1,32,False,2024-10-11 21:06:00
U0223,C001,3,52,False,2024-12-20 03:00:00
U0088,C080,5,57,False,2024-12-25 21:47:00
U0309,C021,3,90,True,2024-11-03 19:52:00
U0499,C083,3,60,False,2024-12-20 09:05:00
U0065,C074,3,72,False,2024-07-28 00:44:00
U0108,C005,4,62,False,2024-10-02 13:53:00
U0321,C099,4,79,False,2025-03-03 06:05:00
U0155,C057,1,12,False,2024-08-15 15:27:00
U0012,C079,4,69,False,2024-08-18 23:44:00
U0228,C028,2,60,False,2025-01-28 00:55:00
U0231,C084,5,83,False,2024-10-29 18:53:00
U0427,C082,4,84,False,2024-06-05 03:40:00
U0213,C074,3,56,False,2025-03-24 19:46:00
U0284,C013,4,76,False,2024-06-19 15:25:00
U0249,C090,4,95,True,2025-02-05 07:45:00
U0032,C064,5,82,False,2025-03-23 10:35:00
U0033,C051,5,76,False,2024-12-31 15:07:00
U0254,C076,4,96,True,2025-01-16 22:27:00
U0011,C047,3,40,False,2025-01-27 11:28:00
U0119,C098,5,72,False,2024-11-21 19:54:00
U0432,C025,4,87,False,2025-01-26 04:56:00
U0151,C025,3,69,False,2024-12-17 13:53:00
U0482,C086,4,71,False,2025-01-28 05:39:00
U0107,C026,4,97,True,2025-02-03 04:11:00
U0103,C092,4,86,False,2024-07-22 13:31:00
U0156,C058,3,59,False,2024-06-25 00:22:00
U0452,C072,3,54,False,2024-08-21 05:52:00
U0441,C032,2,22,False,2024-06-17 02:21:00
U0221,C058,3,48,False,2024-08-01 17:14:00
U0250,C061,2,28,False,2024-11-29 01:49:00
U0450,C099,4,67,False,2024-08-17 22:55:00
U0264,C007,4,94,True,2024-06-26 14:51:00
U0235,C006,4,69,False,2024-07-27 03:50:00
U0313,C027,3,39,False,2025-03-15 01:32:00
U0054,C024,4,70,False,2024-09-14 11:10:00
U0373,C045,4,90,True,2025-02-15 15:46:00
U0446,C046,3,67,False,2024-11-19 04:07:00
U0435,C037,2,23,False,2024-06-04 07:53:00
U0415,C055,4,80,False,2025-02-14 05:05:00
U0137,C074,2,43,False,2024-12-02 20:42:00
U0126,C065,3,61,False,2025-02-27 13:50:00
U0212,C094,1,27,False,2025-01-21 16:50:00
U0350,C042,5,98,True,2025-01-13 04:49:00
U0006,C010,2,36,False,2025-02-20 02:05:00
U0174,C083,4,88,False,2025-01-09 01:25:00
U0389,C020,4,100,True,2025-03-22 01:40:00
U0366,C050,3,44,False,2025-02-22 09:26:00
U0206,C025,1,24,False,2025-03-11 09:46:00
U0381,C036,4,65,False,2024-06-05 08:57:00
U0271,C005,3,55,False,2024-12-24 14:41:00
U0106,C025,3,58,False,2025-01-13 22:22:00
U0455,C088,2,41,False,2024-12-25 06:56:00
U0155,C068,3,39,False,2024-11-19 12:46:00
U0369,C025,3,72,False,2024-08-04 16:34:00
U0146,C053,4,82,False,2025-03-10 09:33:00
U0175,C036,4,91,True,2024-08-21 00:01:00
U0456,C097,3,43,False,2024-10-11 07:53:00
U0397,C034,2,22,False,2025-02-14 03:46:00
U0031,C062,3,38,False,2024-10-11 20:32:00
U0182,C065,4,81,False,2024-08-03 14:19:00
U0294,C074,3,58,False,2025-01-19 10:15:00
U0413,C025,3,49,False,2025-03-25 18:45:00
U0458,C063,3,45,False,2025-03-01 19:14:00
U0180,C069,4,89,False,2024-08-11 22:24:00
U0267,C036,1,21,False,2024-07-24 10:33:00
U0299,C072,3,26,False,2025-01-19 03:09:00
U0365,C024,5,75,False,2024-07-12 02:03:00
U0218,C089,3,32,False,2025-01-30 06:28:00
U0040,C067,5,78,False,2024-12-24 18:35:00
U0266,C018,4,100,True,2024-10-14 18:31:00
U0326,C048,3,46,False,2025-02-06 23:26:00
U0422,C079,5,92,True,2024-08-05 15:45:00
U0235,C063,5,59,False,2025-02-26 03:44:00
U0383,C068,5,68,False,2024-12-07 03:38:00
U0437,C004,4,77,False,2024-12-07 18:18:00
U0021,C038,3,26,False,2024-12-08 09:23:00
U0156,C011,2,26,False,2024-08-13 04:50:00
U0302,C100,2,7,False,2024-11-04 09:13:00
U0094,C005,2,10,False,2025-02-06 00:07:00
U0281,C078,2,22,False,2024-06-23 13:30:00
U0294,C049,5,91,True,2024-11-20 12:30:00
U0428,C005,3,54,False,2024-08-07 04:32:00
U0342,C041,5,83,False,2024-07-16 19:42:00
U0320,C074,5,69,False,2024-12-20 10:34:00
U0024,C074,3,55,False,2025-01-13 23:17:00
U0331,C083,4,88,False,2024-06-13 18:40:00
U0408,C010,4,68,False,2024-11-06 17:41:00
U0064,C043,2,28,False,2024-09-07 19:34:00
U0296,C027,3,56,False,2025-03-19 16:12:00
U0385,C051,4,83,False,2024-08-01 21:59:00
U0273,C021,4,100,True,2024-10-19 06:15:00
U0425,C030,2,22,False,2025-03-24 14:05:00
U0414,C081,3,39,False,2024-12-23 18:02:00
U0252,C049,3,88,False,2024-06-12 10:27:00
U0093,C069,4,83,False,2024-11-10 12:16:00
U0047,C072,3,42,False,2025-03-05 05:18:00
U0074,C085,3,48,False,2024-07-16 04:19:00
U0488,C056,5,88,False,2024-07-01 19:20:00
U0093,C061,3,59,False,2024-10-31 12:06:00
U0164,C061,4,97,True,2024-10-11 12:52:00
U0461,C074,5,64,False,2024-10-01 19:37:00
U0122,C089,3,29,False,2024-12-15 03:17:00
U0032,C068,4,86,False,2024-12-26 02:30:00
U0015,C034,4,78,False,2024-06-10 08:35:00
U0494,C012,3,58,False,2024-10-05 17:41:00
U0403,C090,3,96,True,2024-12-26 14:05:00
U0434,C057,2,27,False,2024-08-12 11:34:00
U0087,C049,2,28,False,2025-03-03 13:58:00
U0285,C021,4,70,False,2025-01-24 19:18:00
U0335,C043,1,48,False,2024-06-01 01:59:00
U0472,C060,3,49,False,2024-10-07 21:24:00
U0180,C006,3,62,False,2024-09-17 18:53:00
U0262,C013,4,84,False,2025-03-01 18:04:00
U0154,C018,3,22,False,2024-08-11 23:35:00
U0144,C057,3,41,False,2024-09-16 19:32:00
U0491,C099,3,43,False,2024-11-23 20:16:00
U0386,C097,4,80,False,2024-10-18 07:42:00
U0165,C035,3,64,False,2024-11-16 00:58:00
U0355,C051,5,77,False,2025-01-30 00:57:00
U0005,C067,4,60,False,2025-03-12 22:45:00
U0251,C063,3,30,False,2025-03-03 02:50:00
U0449,C032,4,100,True,2025-03-03 00:57:00
U0427,C005,1,34,False,2025-01-14 21:07:00
U0181,C025,3,69,False,2024-12-10 19:22:00
U0199,C091,4,66,False,2024-08-03 14:23:00
U0480,C011,4,72,False,2024-09-22 23:01:00
U0389,C053,3,61,False,2024-09-07 02:52:00
U0315,C055,3,23,False,2024-09-28 15:23:00
U0019,C070,3,22,False,2024-09-16 00:12:00
U0421,C008,4,82,False,2024-10-21 18:32:00
U0253,C047,4,88,False,2025-03-17 21:43:00
U0309,C015,5,71,False,2024-08-05 23:04:00
U0066,C087,4,56,False,2024-09-25 16:46:00
U0401,C002,5,61,False,2025-02-28 19:16:00
U0349,C088,3,43,False,2024-06-02 13:41:00
U0345,C097,4,65,False,2024-06-27 10:27:00
U0433,C021,4,77,False,2024-10-19 03:43:00
U0266,C092,2,54,False,2025-02-20 01:56:00
U0370,C059,4,100,True,2025-01-02 17:28:00
U0162,C017,3,74,False,2024-11-19 02:56:00
U0378,C024,4,93,True,2024-07-09 07:12:00
U0085,C072,4,100,True,2024-07-20 00:30:00
U0222,C049,4,60,False,2024-11-19 08:15:00
U0056,C041,3,34,False,2024-06-28 10:33:00
U0407,C003,3,63,False,2025-01-11 03:40:00
U0229,C073,4,90,True,2024-07-02 01:24:00
U0161,C032,3,63,False,2024-07-04 04:03:00
U0471,C025,4,91,True,2024-06-29 09:39:00
U0321,C004,3,63,False,2024-06-29 17:03:00
U0151,C091,2,29,False,2024-12-23 03:39:00
U0386,C098,3,53,False,2024-06-06 14:24:00
U0238,C010,4,41,False,2024-07-22 10:41:00
U0481,C031,3,34,False,2025-01-19 16:21:00
U0301,C012,3,40,False,2024-06-07 19:45:00
U0035,C033,5,92,True,2025-03-21 04:40:00
U0261,C084,3,77,False,2025-02-02 23:39:00
U0228,C025,3,31,False,2024-06-23 01:08:00
U0160,C037,4,88,False,2024-12-01 09:37:00
U0176,C011,3,32,False,2025-02-21 18:42:00
U0348,C036,5,54,False,2025-02-15 17:54:00
U0028,C047,3,59,False,2024-09-11 20:58:00
U0104,C053,2,32,False,2024-11-22 06:42:00
U0244,C055,4,100,True,2024-11-17 18:36:00
U0215,C024,4,57,False,2025-01-19 01:31:00
U0113,C025,4,92,True,2024-09-23 22:14:00
U0239,C036,4,65,False,2025-02-02 23:49:00
U0488,C049,3,51,False,2024-12-10 06:25:00
U0095,C085,4,94,True,2024-06-04 11:00:00
U0038,C096,4,78,False,2024-07-29 04:18:00
U0226,C098,5,93,True,2024-12-02 01:01:00
U0102,C043,3,68,False,2024-09-21 08:46:00
U0090,C048,3,65,False,2024-10-04 05:12:00
U0012,C049,3,30,False,2024-07-22 00:53:00
U0347,C042,5,94,True,2024-11-21 06:19:00
U0234,C086,4,81,False,2024-08-27 16:51:00
U0320,C049,2,19,False,2024-07-04 03:09:00
U0452,C075,3,83,False,2024-09-06 06:34:00
U0194,C006,4,86,False,2025-01-06 20:15:00
U0301,C019,4,64,False,2024-10-29 04:20:00
U0127,C028,4,99,True,2024-08-04 16:37:00
U0402,C092,5,80,False,2024-07-04 05:32:00
U0199,C090,3,44,False,2025-02-16 11:31:00
U0266,C091,2,41,False,2024-12-09 16:44:00
U0248,C010,2,9,False,2025-02-09 15:17:00
U0298,C068,4,92,True,2024-06-19 06:14:00
U0459,C018,3,70,False,2024-12-20 06:19:00
U0218,C062,4,83,False,2025-03-20 05:59:00
U0432,C078,3,57,False,2024-07-14 04:48:00
U0044,C084,2,31,False,2024-11-28 07:37:00
U0022,C100,3,27,False,2024-11-20 13:28:00
U0412,C005,2,41,False,2024-12-13 00:11:00
U0227,C015,3,85,False,2024-12-01 02:18:00
U0330,C075,3,20,False,2024-09-25 03:07:00
U0037,C055,3,79,False,2024-09-11 10:12:00
U0346,C035,4,71,False,2024-10-19 06:45:00
U0438,C063,4,100,True,2025-03-06 08:00:00
U0395,C097,3,28,False,2024-11-25 12:25:00
U0421,C001,3,60,False,2025-01-28 20:32:00
U0390,C025,2,5,False,2024-12-21 07:14:00
U0371,C099,3,39,False,2025-01-29 07:33:00
U0301,C011,5,70,False,2025-01-26 23:52:00
U0237,C013,3,89,False,2024-11-08 06:27:00
U0395,C025,3,41,False,2024-12-31 06:28:00
U0231,C017,1,23,False,2024-06-16 11:08:00
U0296,C025,3,56,False,2024-11-04 23:00:00
U0256,C057,4,82,False,2024-11-29 10:14:00
U0215,C063,4,67,False,2025-03-03 09:20:00
U0473,C052,5,98,True,2025-03-18 20:51:00
U0309,C025,4,62,False,2025-03-21 12:24:00
U0105,C068,2,38,False,2024-07-03 17:24:00
U0097,C021,4,56,False,2025-03-19 14:40:00
U0459,C016,4,84,False,2024-07-24 21:35:00
U0091,C020,5,90,True,2025-02-06 00:11:00
U0102,C047,3,88,False,2024-10-24 06:14:00
U0150,C005,4,76,False,2025-01-19 01:23:00
U0441,C025,4,79,False,2024-12-18 05:07:00
U0067,C078,5,74,False,2024-07-06 12:57:00
U0159,C081,4,64,False,2024-08-21 19:36:00
U0481,C037,4,77,False,2025-02-13 22:43:00
U0235,C001,4,74,False,2024-08-13 14:04:00
U0423,C046,4,92,True,2025-02-25 10:58:00
U0292,C025,4,72,False,2025-01-22 14:36:00
U0021,C005,4,100,True,2024-10-26 20:56:00
U0201,C032,3,68,False,2024-12-30 07:11:00
U0461,C077,3,60,False,2025-01-21 12:58:00
U0338,C079,4,76,False,2024-07-19 12:44:00
U0485,C046,3,41,False,2024-10-19 20:34:00
U0358,C025,5,75,False,2024-09-20 15:26:00
U0391,C034,5,94,True,2024-07-10 03:32:00
U0393,C010,3,64,False,2024-12-27 14:10:00
U0130,C051,4,91,True,2025-01-23 00:04:00
U0328,C094,4,61,False,2025-01-23 12:21:00
U0382,C057,4,93,True,2024-12-21 01:00:00
U0129,C025,3,55,False,2024-11-15 21:47:00
U0238,C002,4,76,False,2024-07-13 17:42:00
U0125,C056,2,29,False,2025-01-11 04:30:00
U0421,C011,4,75,False,2024-08-27 00:38:00
U0052,C004,5,89,False,2025-03-01 23:25:00
U0087,C095,5,68,False,2024-06-06 21:17:00
U0079,C026,4,64,False,2024-09-19 22:02:00
U0458,C074,2,5,False,2025-01-13 22:03:00
U0429,C094,4,82,False,2024-07-23 12:44:00
U0158,C070,3,19,False,2024-06-03 01:49:00
U0194,C005,4,51,False,2024-10-06 11:58:00
U0123,C022,4,69,False,2025-01-02 00:00:00
U0173,C097,3,47,False,2024-07-03 07:56:00
U0050,C032,1,37,False,2024-08-25 23:10:00
U0023,C014,3,49,False,2024-11-15 10:35:00
U0479,C087,4,85,False,2024-08-01 07:13:00
U0055,C026,4,94,True,2024-06-08 12:41:00
U0235,C018,3,42,False,2024-12-06 01:04:00
U0454,C095,3,38,False,2025-02-11 03:45:00
U0275,C049,1,32,False,2025-03-19 05:16:00
U0492,C061,5,72,False,2024-12-16 21:59:00
U0498,C075,4,76,False,2024-08-08 10:11:00
U0326,C097,2,5,False,2024-11-10 21:30:00
U0035,C089,4,80,False,2025-03-27 14:24:00
U0262,C014,5,47,False,2025-02-13 18:45:00
U0007,C060,3,55,False,2024-08-03 09:15:00
U0378,C018,4,92,True,2024-07-11 01:08:00
U0078,C022,4,82,False,2024-09-30 23:38:00
U0485,C071,3,86,False,2024-08-08 08:20:00
U0330,C059,3,36,False,2024-06-21 16:50:00
U0213,C050,4,66,False,2024-06-13 07:54:00
U0376,C016,3,49,False,2024-09-14 17:03:00
U0465,C011,3,89,False,2024-10-06 21:44:00
U0369,C035,3,63,False,2025-02-22 10:11:00
U0446,C044,3,49,False,2024-06-27 20:09:00
U0481,C033,4,57,False,2024-08-28 18:35:00
U0426,C058,1,16,False,2024-09-13 07:32:00
U0041,C048,5,100,True,2024-11-07 05:46:00
U0311,C020,2,5,False,2025-03-23 14:40:00
U0104,C048,5,85,False,2024-07-11 11:25:00
U0194,C008,3,65,False,2025-01-03 16:39:00
U0377,C055,2,25,False,2025-02-02 00:48:00
U0196,C023,4,93,True,2024-11-01 19:34:00
U0132,C040,3,56,False,2025-01-19 09:24:00
U0288,C005,3,60,False,2024-11-18 04:45:00
U0241,C017,3,46,False,2024-06-03 00:55:00
U0257,C068,2,5,False,2024-12-09 15:25:00
U0474,C053,4,82,False,2024-12-09 12:31:00
U0158,C069,2,28,False,2024-07-07 13:56:00
U0020,C005,5,63,False,2024-08-03 12:59:00
U0290,C095,5,94,True,2025-01-10 08:49:00
U0468,C025,4,81,False,2024-11-26 16:45:00
U0251,C076,4,85,False,2024-06-30 20:24:00
U0475,C008,2,22,False,2024-10-03 15:02:00
U0472,C075,1,21,False,2024-06-15 22:42:00
U0331,C090,3,53,False,2025-01-20 21:09:00
U0131,C099,5,73,False,2024-08-22 00:07:00
U0395,C093,4,80,False,2024-12-14 12:45:00
U0301,C009,2,39,False,2024-07-12 16:58:00
U0097,C053,2,28,False,2024-08-24 13:16:00
U0355,C088,5,72,False,2024-12-13 18:19:00
U0376,C006,2,34,False,2024-07-26 20:36:00
U0398,C021,1,5,False,2024-08-13 08:47:00
U0108,C010,3,10,False,2024-12-21 22:19:00
U0004,C069,5,94,True,2025-02-07 00:06:00
U0036,C005,4,62,False,2024-12-31 16:26:00
U0336,C044,4,79,False,2024-08-27 05:23:00
U0096,C081,3,85,False,2024-09-10 15:11:00
U0258,C009,4,100,True,2025-01-17 18:52:00
U0384,C013,4,91,True,2024-10-11 13:28:00
U0321,C081,2,25,False,2024-07-26 20:10:00
U0064,C071,5,100,True,2024-06-16 18:15:00
U0245,C044,3,65,False,2024-06-05 01:17:00
U0385,C011,3,64,False,2025-03-26 01:06:00
U0193,C085,4,84,False,2024-10-15 15:30:00
U0388,C094,5,96,True,2024-11-20 11:43:00
U0456,C051,4,94,True,2024-10-01 11:42:00
U0205,C032,3,62,False,2024-11-30 10:51:00
U0052,C043,5,76,False,2024-08-11 00:38:00
U0063,C025,3,34,False,2024-10-22 22:48:00
U0418,C065,3,41,False,2025-01-30 16:26:00
U0339,C061,4,77,False,2024-06-09 20:23:00
U0448,C081,3,55,False,2025-01-14 07:38:00
U0407,C064,4,72,False,2025-01-30 21:54:00
U0359,C028,3,75,False,2024-12-15 09:38:00
U0100,C078,4,63,False,2025-02-22 18:50:00
U0439,C025,3,66,False,2024-06-17 04:31:00
U0408,C097,3,37,False,2025-03-08 14:10:00
U0459,C014,4,65,False,2025-02-02 21:34:00
U0124,C051,4,59,False,2024-07-16 03:27:00
U0367,C090,4,61,False,2024-11-15 12:49:00
U0144,C075,4,89,False,2025-01-30 21:07:00
U0325,C074,2,46,False,2024-07-17 22:21:00
U0447,C099,3,53,False,2024-07-04 20:21:00
U0194,C025,3,23,False,2024-12-13 20:41:00
U0402,C098,4,76,False,2025-01-10 07:14:00
U0133,C043,4,75,False,2024-07-28 02:21:00
U0380,C017,3,69,False,2024-07-30 18:23:00
U0066,C097,2,34,False,2024-12-12 18:47:00
U0001,C049,3,57,False,2025-03-02 06:54:00
U0199,C010,3,67,False,2024-11-11 11:51:00
U0348,C090,3,44,False,2024-08-04 16:42:00
U0309,C017,5,71,False,2024-12-20 00:34:00
U0437,C005,2,34,False,2024-10-30 07:31:00
U0349,C090,3,68,False,2024-10-24 04:47:00
U0341,C005,3,81,False,2024-06-18 19:20:00
U0159,C008,4,96,True,2024-10-19 22:36:00
U0245,C047,5,95,True,2025-02-09 09:45:00
U0495,C081,4,95,True,2024-08-18 22:13:00
U0435,C056,4,72,False,2024-09-24 22:47:00
U0027,C029,4,59,False,2024-08-31 15:46:00
U0201,C031,4,48,False,2024-06-12 17:25:00
U0173,C066,4,93,True,2024-11-26 12:25:00
U0037,C019,3,57,False,2024-10-23 22:59:00
U0100,C041,4,97,True,2025-03-08 12:06:00
U0068,C078,4,77,False,2024-06-28 22:19:00
U0235,C067,4,60,False,2024-08-10 14:44:00
U0248,C040,5,96,True,2024-09-16 06:51:00
U0384,C001,3,72,False,2024-12-03 23:54:00
U0295,C020,4,64,False,2024-12-10 13:43:00
U0431,C012,3,62,False,2024-07-20 11:30:00
U0092,C068,5,72,False,2024-07-31 16:41:00
U0322,C088,3,81,False,2024-10-04 01:07:00
U0353,C052,4,87,False,2024-12-10 22:50:00
U0344,C095,3,100,True,2024-12-13 08:40:00
U0335,C001,3,48,False,2024-08-01 03:05:00
U0063,C087,2,33,False,2024-09-24 00:37:00
U0246,C007,5,100,True,2024-09-01 12:30:00
U0331,C025,2,22,False,2024-10-31 18:08:00
U0051,C069,4,83,False,2024-09-03 12:52:00
U0359,C088,4,91,True,2025-03-02 16:31:00
U0033,C029,4,74,False,2025-03-03 22:52:00
U0405,C054,4,83,False,2024-07-31 05:55:00
U0307,C031,3,74,False,2025-03-12 14:51:00
U0161,C093,4,81,False,2025-03-22 06:41:00
U0083,C075,5,78,False,2024-06-18 02:07:00
U0260,C078,4,72,False,2024-08-27 13:42:00
U0001,C012,4,84,False,2025-02-21 09:42:00
U0274,C069,3,51,False,2025-02-07 22:20:00
U0268,C017,3,24,False,2024-11-28 19:34:00
U0262,C012,3,49,False,2024-06-23 07:02:00
U0097,C048,3,50,False,2024-09-19 04:38:00
U0283,C096,4,87,False,2024-10-21 04:46:00
U0319,C096,4,70,False,2024-10-09 08:24:00
U0333,C025,2,13,False,2024-12-22 14:05:00
U0484,C058,3,43,False,2024-08-13 17:13:00
U0037,C018,5,62,False,2024-09-07 22:23:00
U0289,C093,3,61,False,2024-08-23 13:52:00
U0079,C084,4,74,False,2024-12-12 00:38:00
U0127,C018,2,22,False,2025-02-28 03:43:00
U0281,C051,5,84,False,2024-07-16 11:58:00
U0171,C010,3,100,True,2024-08-14 07:17:00
U0006,C035,4,64,False,2024-12-11 03:50:00
U0474,C057,4,53,False,2024-11-04 18:52:00
U0179,C010,2,19,False,2024-10-23 17:17:00
U0312,C021,3,8,False,2024-08-27 10:48:00
U0283,C097,4,100,True,2025-01-31 18:08:00
U0133,C077,5,90,True,2024-08-19 21:08:00
U0074,C084,3,71,False,2024-10-15 01:58:00
U0372,C082,5,82,False,2024-10-06 21:38:00
U0215,C099,2,37,False,2024-09-02 14:22:00
U0409,C035,4,58,False,2024-10-20 13:33:00
U0483,C070,1,5,False,2024-09-26 09:40:00
U0440,C070,3,75,False,2024-12-26 10:54:00
U0374,C006,3,76,False,2024-08-24 18:03:00
U0044,C025,4,75,False,2025-03-11 15:51:00
U0448,C088,4,75,False,2025-02-16 23:08:00
U0246,C085,5,100,True,2024-08-03 12:00:00
U0316,C031,5,77,False,2025-01-04 22:34:00
U0384,C094,4,57,False,2024-06-22 19:28:00
U0494,C019,5,62,False,2024-09-24 05:04:00
U0188,C011,1,29,False,2025-02-19 11:03:00
U0217,C046,3,40,False,2024-12-09 03:21:00
U0468,C058,4,73,False,2024-07-31 09:19:00
U0248,C044,4,77,False,2024-06-02 23:40:00
U0292,C040,4,86,False,2025-02-19 01:59:00
U0238,C011,4,72,False,2025-02-05 01:22:00
U0004,C062,3,50,False,2024-10-31 11:06:00
U0003,C074,5,82,False,2024-09-04 12:22:00
U0005,C072,3,64,False,2024-09-10 02:33:00
U0264,C064,2,14,False,2024-12-28 03:58:00
U0250,C039,3,65,False,2024-09-24 15:25:00
U0192,C078,4,85,False,2024-09-02 17:51:00
U0138,C075,5,90,True,2025-01-11 05:08:00
U0182,C011,1,16,False,2024-06-03 11:56:00
U0446,C010,4,79,False,2024-07-27 06:18:00
U0021,C087,3,40,False,2024-11-17 01:10:00
U0492,C019,4,93,True,2024-07-31 13:31:00
U0282,C009,5,76,False,2024-11-14 12:32:00
U0372,C011,1,17,False,2024-12-17 04:07:00
U0491,C011,3,82,False,2024-08-04 04:22:00
U0257,C074,3,62,False,2024-06-27 21:53:00
U0176,C030,4,48,False,2024-06-05 13:30:00
U0149,C003,4,83,False,2025-01-06 07:39:00
U0079,C049,2,25,False,2024-09-04 07:17:00
U0393,C057,4,72,False,2024-10-05 21:52:00
U0220,C007,5,76,False,2025-02-13 19:11:00
U0097,C011,3,46,False,2024-08-16 07:07:00
U0068,C038,3,61,False,2024-09-07 04:27:00
U0010,C012,2,36,False,2024-06-27 12:26:00
U0114,C036,3,32,False,2024-07-02 16:27:00
U0330,C072,3,80,False,2024-10-16 11:17:00
U0483,C057,3,62,False,2024-10-05 10:57:00
U0025,C001,3,70,False,2024-06-27 21:47:00
U0165,C036,4,100,True,2024-10-22 19:06:00
U0221,C076,4,90,True,2024-12-04 10:19:00
U0058,C011,4,99,True,2025-03-10 04:21:00
U0185,C074,2,6,False,2024-12-03 23:49:00
U0302,C072,4,82,False,2024-09-30 20:17:00
U0455,C080,4,58,False,2024-08-01 01:37:00
U0496,C066,4,73,False,2024-09-06 06:45:00
U0229,C097,4,88,False,2024-07-09 17:39:00
U0176,C026,3,35,False,2024-09-12 17:46:00
U0079,C027,4,95,True,2025-01-01 17:45:00
U0130,C062,2,21,False,2025-03-14 11:57:00
U0188,C034,2,19,False,2025-01-10 02:30:00
U0215,C067,4,73,False,2024-06-12 05:38:00
U0141,C029,4,77,False,2024-10-27 01:36:00
U0032,C008,2,29,False,2024-09-06 23:52:00
U0204,C048,4,87,False,2025-02-18 02:10:00
U0225,C049,3,22,False,2024-12-14 17:49:00
U0200,C009,5,91,True,2024-09-14 05:00:00
U0082,C020,4,100,True,2024-06-05 16:29:00
U0258,C097,3,68,False,2025-02-24 08:19:00
U0437,C053,4,63,False,2024-10-16 17:07:00
U0088,C095,2,5,False,2024-09-30 09:02:00
U0328,C099,3,66,False,2024-10-21 04:17:00
U0448,C068,2,15,False,2024-10-06 06:34:00
U0060,C043,3,33,False,2024-12-06 10:05:00
U0485,C036,3,89,False,2025-03-09 08:46:00
U0069,C080,4,52,False,2024-10-29 10:03:00
U0321,C025,1,54,False,2024-11-30 07:46:00
U0495,C059,4,81,False,2024-06-09 17:42:00
U0445,C025,4,98,True,2025-03-26 03:46:00
U0382,C059,5,92,True,2025-03-10 06:52:00
U0227,C048,4,92,True,2024-09-13 18:40:00
U0414,C025,4,81,False,2024-12-20 04:28:00
U0119,C054,3,53,False,2025-01-09 11:09:00
U0462,C086,4,69,False,2024-09-01 14:11:00
U0418,C070,4,76,False,2024-09-05 18:31:00
U0483,C053,2,33,False,2024-10-23 00:19:00
U0084,C097,1,12,False,2024-12-19 21:38:00
U0097,C003,3,92,True,2025-01-05 07:29:00
U0466,C093,4,59,False,2024-07-22 23:33:00
U0071,C025,2,40,False,2024-06-07 19:06:00
U0194,C002,4,86,False,2024-06-07 20:59:00
U0023,C013,2,20,False,2024-10-16 04:40:00
U0308,C081,5,72,False,2024-07-25 17:47:00
U0419,C043,3,42,False,2024-07-14 06:08:00
U0246,C010,2,5,False,2025-01-14 05:19:00
U0170,C018,3,66,False,2024-06-29 17:44:00
U0137,C044,5,73,False,2024-06-11 01:06:00
U0279,C019,3,78,False,2024-12-30 04:00:00
U0468,C008,2,19,False,2025-01-05 12:09:00
U0181,C065,4,86,False,2024-12-14 21:56:00
U0367,C053,3,44,False,2024-07-28 15:10:00
U0057,C059,3,48,False,2024-11-30 02:39:00
U0171,C066,4,80,False,2024-06-23 19:09:00
U0092,C021,5,87,False,2024-09-01 21:27:00
U0077,C010,2,21,False,2024-11-02 19:52:00
U0147,C007,4,82,False,2024-10-17 15:42:00
U0189,C063,4,70,False,2024-07-10 00:55:00
U0478,C053,4,74,False,2024-08-15 10:09:00
U0200,C016,4,97,True,2024-07-05 03:36:00
U0219,C027,3,49,False,2024-10-21 04:05:00
U0166,C025,4,67,False,2024-09-02 12:22:00
U0164,C081,3,59,False,2024-12-29 19:50:00
U0326,C044,3,47,False,2024-12-14 13:35:00
U0255,C086,4,75,False,2025-02-28 17:52:00
U0118,C059,4,72,False,2025-01-02 16:36:00
U0398,C054,2,29,False,2024-07-15 07:23:00
U0002,C051,5,80,False,2024-12-03 17:30:00
U0491,C014,4,90,True,2024-07-01 11:23:00
U0435,C062,4,71,False,2024-08-11 09:29:00
U0074,C053,3,91,True,2025-03-10 13:15:00
U0108,C069,3,60,False,2024-06-29 23:08:00
U0061,C085,4,82,False,2024-08-13 12:46:00
U0014,C074,2,8,False,2024-12-08 01:44:00
U0245,C097,3,45,False,2024-08-20 00:09:00
U0188,C038,5,40,False,2024-07-10 00:36:00
U0426,C025,1,36,False,2024-08-16 05:30:00
U0381,C039,4,86,False,2024-11-01 15:26:00
U0370,C051,3,80,False,2024-10-25 03:09:00
U0031,C064,4,72,False,2024-06-17 19:48:00
U0089,C061,4,74,False,2024-12-20 13:43:00
U0486,C063,2,30,False,2025-03-11 22:53:00
U0133,C097,3,31,False,2025-02-12 09:45:00
U0117,C073,3,34,False,2024-10-18 02:33:00
U0194,C053,2,20,False,2024-08-04 23:13:00
U0206,C018,3,30,False,2024-12-18 05:52:00
U0382,C071,2,21,False,2024-07-10 22:29:00
U0245,C063,3,61,False,2024-12-12 05:03:00
U0412,C007,3,44,False,2024-09-08 08:06:00
U0054,C100,3,52,False,2024-11-19 00:15:00
U0145,C024,4,72,False,2024-07-04 06:38:00
U0006,C030,4,73,False,2024-11-06 06:35:00
U0104,C041,4,79,False,2024-10-02 08:05:00
U0292,C057,2,47,False,2025-02-03 01:03:00
U0162,C020,4,86,False,2024-06-05 11:48:00
U0145,C025,3,73,False,2025-02-12 06:20:00
U0385,C062,4,91,True,2024-08-06 22:43:00
U0050,C099,3,56,False,2024-07-22 16:51:00
U0397,C039,5,75,False,2024-12-13 15:37:00
U0445,C081,2,14,False,2024-10-27 05:09:00
U0350,C046,4,66,False,2024-09-27 06:51:00
U0349,C083,4,74,False,2025-02-12 16:46:00
U0312,C026,1,19,False,2025-01-16 04:21:00
U0149,C058,3,22,False,2025-01-07 01:57:00
U0365,C053,3,31,False,2024-12-16 07:13:00
U0313,C030,4,90,True,2025-03-18 20:31:00
U0050,C011,2,14,False,2024-08-13 09:35:00
U0401,C032,3,58,False,2025-02-11 03:29:00
U0161,C095,4,73,False,2024-08-22 02:17:00
U0296,C052,3,67,False,2024-07-07 05:45:00
U0396,C038,3,70,False,2024-10-10 14:41:00
U0474,C014,3,39,False,2025-03-19 15:02:00
U0187,C033,3,32,False,2024-12-23 13:54:00
U0318,C085,4,87,False,2024-08-06 14:23:00
U0263,C030,3,41,False,2024-11-08 11:05:00
U0350,C069,5,62,False,2024-10-13 21:02:00
U0318,C025,4,100,True,2024-06-30 23:50:00
U0126,C048,3,69,False,2024-06-05 04:54:00
U0054,C026,5,70,False,2025-03-19 12:54:00
U0038,C090,2,5,False,2024-07-18 11:29:00
U0240,C008,4,51,False,2024-07-26 02:11:00
U0375,C056,3,63,False,2025-01-08 06:25:00
U0169,C071,4,86,False,2025-02-04 06:44:00
U0380,C019,4,99,True,2025-01-19 01:34:00
U0080,C074,3,40,False,2024-08-14 20:13:00
U0164,C089,4,74,False,2024-12-12 01:59:00
U0414,C088,3,72,False,2025-01-29 06:03:00
U0109,C065,4,100,True,2025-01-03 08:16:00
U0326,C043,4,100,True,2024-07-06 08:25:00
U0042,C048,2,17,False,2025-01-01 16:13:00
U0343,C074,3,34,False,2024-09-03 01:05:00
U0176,C062,2,35,False,2024-10-31 05:12:00
U0179,C008,4,65,False,2025-02-02 15:34:00
U0353,C089,2,5,False,2025-01-10 11:58:00
U0288,C097,3,14,False,2024-09-10 02:46:00
U0342,C020,3,93,True,2024-11-13 21:52:00
U0481,C053,3,37,False,2024-11-10 00:09:00
U0460,C055,4,81,False,2025-02-11 10:07:00
U0406,C006,3,73,False,2024-12-26 08:33:00
U0370,C075,4,100,True,2024-08-04 20:28:00
U0328,C010,3,39,False,2024-07-20 01:13:00
U0382,C025,3,70,False,2025-01-02 22:34:00
U0397,C033,4,69,False,2024-09-19 11:13:00
U0488,C099,4,52,False,2024-06-08 11:52:00
U0187,C015,4,84,False,2025-02-13 03:44:00
U0256,C055,4,95,True,2024-12-29 13:22:00
U0181,C067,4,83,False,2025-01-05 16:48:00
U0172,C016,4,62,False,2025-01-21 13:23:00
U0091,C013,5,100,True,2025-03-05 13:24:00
U0146,C005,3,78,False,2025-01-10 20:18:00
U0360,C060,4,100,True,2024-07-21 02:51:00
U0429,C022,3,47,False,2024-12-28 03:31:00
U0384,C010,3,60,False,2025-03-06 03:40:00
U0228,C022,5,70,False,2024-10-27 13:13:00
U0115,C074,2,45,False,2025-03-10 12:07:00
U0101,C025,3,48,False,2024-08-03 11:50:00
U0468,C053,4,100,True,2024-06-04 11:50:00
U0115,C029,4,67,False,2024-10-14 09:53:00
U0213,C041,2,47,False,2024-12-30 01:00:00
U0014,C072,3,50,False,2025-02-21 23:38:00
U0221,C073,3,49,False,2024-09-07 19:41:00
U0202,C011,3,60,False,2025-03-23 13:08:00
U0481,C084,5,81,False,2024-08-28 12:57:00
U0163,C034,3,75,False,2024-09-27 03:45:00
U0411,C014,3,22,False,2025-03-23 12:53:00
U0391,C017,5,97,True,2025-03-11 05:20:00
U0105,C001,3,47,False,2025-01-10 00:40:00
U0395,C021,3,61,False,2025-03-06 02:36:00
U0196,C064,5,90,True,2024-08-06 14:40:00
U0324,C068,3,62,False,2024-09-04 07:41:00
U0460,C057,5,79,False,2025-03-02 07:46:00
U0400,C062,2,5,False,2024-12-11 08:42:00
U0322,C080,5,85,False,2024-07-23 03:29:00
U0475,C004,3,50,False,2024-08-12 09:16:00
U0459,C013,5,70,False,2025-02-09 11:58:00
U0430,C062,3,56,False,2025-02-07 00:26:00
U0038,C015,5,100,True,2024-09-16 21:26:00
U0193,C021,5,87,False,2025-01-17 05:11:00
U0153,C053,4,71,False,2025-03-18 20:38:00
U0438,C036,3,71,False,2024-11-25 15:39:00
U0308,C083,4,56,False,2025-02-23 23:16:00
U0475,C090,5,88,False,2024-06-16 17:01:00
U0266,C015,5,59,False,2024-09-19 11:07:00
U0461,C076,3,52,False,2024-08-10 07:05:00
U0373,C005,4,100,True,2024-10-16 08:30:00
U0103,C025,2,22,False,2024-11-26 22:35:00
U0334,C078,4,95,True,2025-01-10 16:25:00
U0473,C032,5,62,False,2024-09-10 21:54:00
U0455,C030,2,48,False,2024-12-19 03:37:00
U0407,C033,3,35,False,2024-11-07 05:50:00
U0106,C099,2,22,False,2025-02-05 13:56:00
U0229,C079,4,48,False,2024-11-11 19:06:00
U0311,C017,4,65,False,2025-03-18 11:23:00
U0460,C053,3,21,False,2025-01-17 05:56:00
U0018,C010,4,94,True,2024-10-08 18:26:00
U0331,C028,2,54,False,2025-02-27 11:25:00
U0016,C086,3,58,False,2024-11-13 13:50:00
U0096,C013,4,81,False,2024-09-19 21:23:00
U0191,C081,4,62,False,2024-08-02 00:20:00
U0353,C062,5,100,True,2024-09-18 14:36:00
U0408,C018,2,9,False,2025-03-15 02:24:00
U0146,C054,3,35,False,2024-09-20 03:35:00
U0143,C011,3,68,False,2024-07-09 18:57:00
U0331,C087,4,69,False,2024-11-10 10:12:00
U0101,C008,4,83,False,2025-02-11 01:17:00
U0216,C049,2,38,False,2024-08-27 19:20:00
U0303,C057,4,100,True,2024-06-11 09:01:00
U0330,C010,4,82,False,2025-03-22 00:58:00
U0237,C067,2,12,False,2024-12-24 01:57:00
U0274,C011,4,62,False,2024-06-21 10:41:00
U0009,C037,3,58,False,2024-12-30 23:19:00
U0141,C073,5,84,False,2024-12-22 02:35:00
U0397,C040,4,67,False,2024-06-25 12:19:00
U0357,C062,3,66,False,2025-02-08 20:58:00
U0115,C021,4,67,False,2024-08-11 03:20:00
U0442,C034,4,72,False,2024-09-24 05:05:00
U0098,C049,3,57,False,2024-12-06 17:00:00
U0479,C081,4,100,True,2024-10-11 01:07:00
U0025,C082,2,37,False,2024-07-09 08:21:00
U0353,C065,4,63,False,2024-10-17 22:10:00
U0474,C055,3,85,False,2024-08-01 04:20:00
U0442,C039,4,71,False,2024-12-29 20:28:00
U0343,C037,4,92,True,2024-10-02 18:30:00
U0339,C058,3,26,False,2024-11-12 23:30:00
U0116,C069,4,98,True,2024-07-13 11:35:00
U0428,C025,3,82,False,2024-09-14 22:04:00
U0039,C085,5,88,False,2024-07-01 06:00:00
U0344,C093,2,51,False,2024-09-05 15:06:00
U0175,C049,4,88,False,2025-02-26 16:54:00
U0161,C058,3,29,False,2024-11-07 22:29:00
U0336,C047,3,60,False,2024-07-25 04:14:00
U0470,C065,4,70,False,2025-02-18 06:49:00
U0205,C039,4,100,True,2025-01-03 05:43:00
U0158,C021,2,28,False,2025-03-23 20:06:00
U0076,C002,3,50,False,2024-07-27 07:01:00
U0458,C075,3,44,False,2024-06-15 15:42:00
U0272,C015,3,52,False,2024-07-31 17:05:00
U0204,C047,4,42,False,2024-11-18 01:28:00
U0140,C051,2,19,False,2024-12-13 23:59:00
U0217,C047,4,82,False,2024-12-24 05:38:00
U0142,C036,3,55,False,2025-02-21 13:06:00
U0349,C084,4,68,False,2024-07-27 07:07:00
U0028,C054,3,75,False,2025-03-22 08:15:00
U0034,C078,4,59,False,2024-09-24 19:44:00
U0367,C013,3,57,False,2024-07-22 07:46:00
U0422,C097,2,37,False,2024-10-16 15:13:00
U0088,C010,3,53,False,2024-11-25 20:18:00
U0362,C011,4,64,False,2024-07-19 05:32:00
U0465,C021,3,57,False,2025-01-31 23:19:00
U0437,C011,4,48,False,2024-10-01 05:20:00
U0073,C002,5,100,True,2025-01-29 13:21:00
U0011,C049,3,5,False,2024-07-10 05:43:00
U0390,C033,4,87,False,2024-11-28 15:37:00
U0001,C018,3,77,False,2025-01-28 03:02:00
U0420,C055,3,43,False,2024-09-25 16:32:00
U0086,C010,3,44,False,2024-07-19 03:19:00
U0412,C066,1,60,False,2025-01-18 15:47:00
U0180,C097,3,47,False,2024-10-10 21:31:00
U0424,C071,5,70,False,2025-02-21 21:54:00
U0443,C099,3,48,False,2025-02-03 03:17:00
U0352,C001,3,66,False,2024-08-15 13:54:00
U0113,C015,2,5,False,2024-11-30 15:01:00
U0126,C063,3,76,False,2025-01-07 11:13:00
U0382,C063,3,86,False,2024-07-26 08:56:00
U0321,C045,5,84,False,2025-02-25 05:16:00
U0467,C082,4,84,False,2024-12-18 18:26:00
U0484,C008,2,31,False,2024-11-06 06:02:00
U0297,C051,5,46,False,2024-08-02 13:50:00
U0233,C092,4,42,False,2024-10-26 03:00:00
U0256,C100,4,67,False,2024-08-15 14:43:00
U0320,C073,3,49,False,2024-11-03 15:18:00
U0034,C011,2,7,False,2024-06-08 14:02:00
U0112,C070,4,100,True,2024-08-03 01:31:00
U0157,C063,2,9,False,2024-06-01 01:16:00
U0071,C030,5,100,True,2025-02-13 21:49:00
U0288,C006,4,61,False,2024-10-17 04:46:00
U0101,C002,5,100,True,2024-10-27 07:02:00
U0243,C017,4,70,False,2024-10-06 21:40:00
U0198,C007,2,31,False,2024-10-12 09:38:00
U0160,C034,4,100,True,2024-11-13 18:08:00
U0350,C078,3,84,False,2024-10-07 04:26:00
U0284,C040,3,54,False,2024-07-14 09:36:00
U0475,C088,3,23,False,2024-09-02 12:50:00
U0449,C057,1,26,False,2024-07-20 04:33:00
U0227,C083,4,76,False,2024-12-01 14:22:00
U0219,C024,4,66,False,2025-01-23 00:58:00
U0046,C005,3,57,False,2024-11-02 07:37:00
U0263,C040,4,60,False,2025-03-06 18:56:00
U0151,C098,4,68,False,2024-12-19 04:25:00
U0344,C097,2,42,False,2025-01-22 01:05:00
U0029,C037,4,80,False,2024-11-18 19:06:00
U0421,C081,4,96,True,2024-11-17 01:07:00
U0380,C047,4,93,True,2024-06-28 22:13:00
U0265,C092,3,81,False,2024-08-09 07:57:00
U0346,C033,4,82,False,2024-11-02 20:19:00
U0369,C054,3,39,False,2024-06-04 15:39:00
U0353,C015,3,40,False,2024-06-01 04:38:00
U0451,C014,4,52,False,2024-10-05 06:06:00
U0243,C087,2,52,False,2025-01-14 12:03:00
U0475,C083,3,59,False,2025-02-03 05:52:00
U0121,C010,4,60,False,2025-03-07 08:52:00
U0314,C080,3,36,False,2024-08-03 13:09:00
U0420,C031,4,97,True,2024-10-02 05:32:00
U0244,C040,4,94,True,2024-07-22 18:31:00
U0189,C066,5,91,True,2024-12-15 22:51:00
U0055,C074,4,82,False,2024-08-15 00:18:00
U0235,C045,4,74,False,2024-06-06 18:19:00
U0018,C080,3,64,False,2025-01-14 01:58:00
U0465,C005,3,47,False,2025-01-26 23:29:00
U0142,C026,4,97,True,2024-12-01 16:54:00
U0441,C062,3,70,False,2025-02-24 12:32:00
U0033,C015,4,91,True,2024-11-28 20:46:00
U0289,C039,3,21,False,2024-10-21 21:19:00
U0473,C081,4,82,False,2024-12-10 15:38:00
U0398,C055,5,69,False,2024-08-06 22:20:00
U0302,C074,3,49,False,2024-11-26 18:39:00
U0425,C002,5,93,True,2024-06-16 23:10:00
U0119,C007,3,62,False,2025-02-11 21:30:00
U0166,C049,2,5,False,2024-09-30 03:57:00
U0451,C089,5,91,True,2024-12-14 13:59:00
U0033,C019,3,26,False,2024-07-29 01:54:00
U0384,C024,3,42,False,2024-06-16 05:20:00
U0056,C043,4,81,False,2024-08-08 20:36:00
U0285,C029,5,69,False,2025-02-07 14:43:00
U0147,C021,2,7,False,2025-01-09 16:51:00
U0405,C088,4,69,False,2024-06-13 20:42:00
U0050,C093,3,45,False,2024-06-03 11:49:00
U0209,C092,4,71,False,2024-11-22 05:43:00
U0374,C091,4,73,False,2025-02-26 15:12:00
U0427,C091,4,88,False,2025-02-12 11:22:00
U0317,C011,4,82,False,2024-08-10 02:28:00
U0219,C058,3,79,False,2024-07-07 18:05:00
U0066,C049,3,99,True,2024-10-31 03:07:00
U0256,C060,3,40,False,2025-03-04 10:01:00
U0115,C081,3,61,False,2024-10-27 08:24:00
U0496,C078,5,91,True,2025-03-22 07:54:00
U0266,C082,3,61,False,2025-02-12 09:25:00
U0317,C018,5,93,True,2025-03-26 15:59:00
U0470,C066,4,74,False,2024-06-16 01:21:00
U0216,C042,4,100,True,2024-07-01 04:13:00
U0281,C089,2,19,False,2024-11-16 21:58:00
U0450,C066,4,98,True,2024-07-08 18:57:00
U0313,C011,3,91,True,2024-06-19 11:04:00
U0476,C069,3,100,True,2025-02-01 04:17:00
U0371,C032,4,85,False,2025-02-10 16:14:00
U0333,C096,3,61,False,2024-11-03 07:01:00
U0477,C075,4,94,True,2024-09-09 17:38:00
U0441,C082,3,83,False,2024-06-10 17:30:00
U0027,C043,4,89,False,2024-08-04 13:44:00
U0219,C004,4,66,False,2025-01-11 03:57:00
U0316,C093,5,100,True,2024-12-06 11:12:00
U0176,C012,3,38,False,2024-09-30 07:05:00
U0383,C097,4,69,False,2025-03-02 18:02:00
U0411,C018,3,48,False,2024-06-30 02:03:00
U0065,C075,4,76,False,2024-06-23 10:22:00
U0309,C046,4,83,False,2024-10-28 04:38:00
U0204,C034,3,29,False,2024-07-10 02:16:00
U0481,C056,2,39,False,2024-11-30 07:28:00
U0366,C052,4,95,True,2025-03-10 09:55:00
U0335,C038,3,55,False,2024-11-11 22:34:00
U0258,C032,4,71,False,2024-12-28 22:39:00
U0249,C084,2,51,False,2024-08-10 16:14:00
U0157,C036,2,33,False,2024-09-16 03:23:00
U0372,C083,3,91,True,2024-08-12 01:15:00
U0358,C028,2,20,False,2024-07-29 00:31:00
U0429,C038,4,100,True,2024-12-14 09:52:00
U0438,C038,4,54,False,2024-06-10 12:24:00
U0228,C027,4,80,False,2024-12-12 05:42:00
U0221,C060,4,89,False,2024-06-17 17:48:00
U0179,C007,3,28,False,2024-11-20 08:51:00
U0386,C095,3,65,False,2024-06-15 10:46:00
U0425,C044,4,82,False,2024-06-30 03:35:00
U0199,C036,3,34,False,2024-10-26 17:29:00
U0218,C059,3,25,False,2025-02-21 08:10:00
U0492,C018,5,92,True,2024-08-07 00:17:00
U0410,C055,4,73,False,2024-07-14 07:49:00
U0278,C097,3,76,False,2024-12-20 01:39:00
U0141,C047,5,70,False,2024-06-07 03:19:00
U0292,C037,5,80,False,2024-08-31 14:29:00
U0009,C080,4,100,True,2024-06-19 11:30:00
U0327,C099,3,54,False,2024-09-20 13:03:00
U0297,C071,3,22,False,2024-10-20 19:35:00
U0161,C099,3,81,False,2025-01-12 05:16:00
U0393,C004,1,17,False,2024-10-11 15:08:00
U0447,C032,3,75,False,2024-09-28 03:41:00
U0020,C097,3,39,False,2025-01-12 18:20:00
U0022,C094,4,60,False,2024-07-02 22:16:00
U0500,C072,3,21,False,2025-03-04 22:02:00
U0040,C034,4,75,False,2025-02-17 02:15:00
U0105,C032,4,93,True,2024-12-30 02:41:00
U0074,C060,4,75,False,2024-12-02 10:26:00
U0460,C066,3,31,False,2024-10-29 19:01:00
U0477,C039,4,71,False,2024-06-14 03:38:00
U0109,C010,2,29,False,2025-02-17 22:49:00
U0380,C049,4,72,False,2024-11-24 06:24:00
U0426,C082,3,56,False,2024-08-16 12:48:00
U0333,C073,4,83,False,2024-09-23 18:32:00
U0276,C089,3,48,False,2025-02-26 01:38:00
U0242,C039,4,83,False,2025-01-12 10:17:00
U0100,C025,3,25,False,2024-10-29 07:21:00
U0125,C030,3,58,False,2024-12-03 07:29:00
U0162,C068,2,11,False,2024-07-30 22:15:00
U0228,C049,3,71,False,2024-12-27 11:05:00
U0181,C015,3,63,False,2024-12-03 20:30:00
U0310,C057,3,56,False,2024-09-26 18:52:00
U0424,C028,2,23,False,2025-03-03 07:49:00
U0466,C099,4,86,False,2024-08-10 19:16:00
U0408,C031,4,77,False,2024-07-31 02:26:00
U0216,C010,4,71,False,2025-03-22 15:40:00
U0452,C010,3,58,False,2024-09-01 14:00:00
U0086,C055,3,78,False,2025-03-11 22:59:00
U0241,C062,2,20,False,2024-08-04 01:53:00
U0221,C056,4,92,True,2024-07-08 04:32:00
U0463,C023,3,32,False,2024-12-23 22:35:00
U0124,C062,2,19,False,2024-07-31 10:57:00
U0423,C057,2,42,False,2024-07-26 23:02:00
U0038,C010,2,14,False,2024-11-29 14:58:00
U0210,C087,4,59,False,2024-10-27 15:44:00
U0069,C057,2,46,False,2025-02-16 02:09:00
U0459,C059,3,65,False,2024-12-07 21:41:00
U0233,C095,5,77,False,2024-08-30 16:46:00
U0302,C095,3,71,False,2024-07-20 07:19:00
U0253,C059,3,77,False,2025-02-21 16:37:00
U0261,C008,1,33,False,2025-01-05 09:20:00
U0197,C006,3,51,False,2024-08-13 01:52:00
U0484,C011,3,49,False,2024-09-16 13:33:00
U0143,C020,3,54,False,2024-11-08 03:22:00
U0146,C019,4,76,False,2024-10-19 15:28:00
U0115,C011,3,88,False,2024-10-26 08:38:00
U0386,C008,4,94,True,2024-10-21 04:06:00
U0106,C037,3,58,False,2024-08-26 00:38:00
U0463,C029,3,25,False,2025-03-03 06:00:00
U0251,C074,4,77,False,2024-06-14 11:13:00
U0145,C069,4,83,False,2025-03-20 13:46:00
U0228,C055,2,22,False,2024-10-30 03:45:00
U0362,C070,3,70,False,2024-08-01 14:56:00
U0222,C043,4,78,False,2024-08-10 08:46:00
U0343,C032,3,5,False,2024-07-11 23:50:00
U0114,C025,4,92,True,2024-11-15 05:32:00
U0172,C081,4,88,False,2025-02-18 21:49:00
U0038,C025,4,76,False,2024-11-09 01:27:00
U0052,C025,4,90,True,2025-02-22 10:12:00
U0431,C087,4,85,False,2024-06-19 20:40:00
U0005,C078,3,52,False,2024-12-10 07:43:00
U0101,C003,5,65,False,2025-02-04 05:46:00
U0255,C057,5,75,False,2024-07-16 16:54:00
U0371,C025,2,32,False,2024-06-02 13:04:00
U0252,C007,4,100,True,2024-08-31 01:26:00
U0324,C052,3,36,False,2025-02-03 16:42:00
U0489,C055,4,100,True,2024-09-27 09:42:00
U0249,C087,3,5,False,2024-11-30 17:30:00
U0152,C008,4,94,True,2024-10-26 13:28:00
U0167,C044,3,71,False,2024-07-30 05:29:00
U0490,C048,3,52,False,2024-11-25 22:25:00
U0361,C078,4,62,False,2025-02-06 19:26:00
U0352,C010,4,98,True,2024-10-16 16:13:00
U0456,C011,3,85,False,2024-12-27 01:35:00
U0396,C036,4,91,True,2024-12-28 12:51:00
U0227,C047,4,85,False,2024-06-28 08:31:00
U0373,C061,5,60,False,2024-06-24 09:28:00
U0210,C083,3,39,False,2025-03-02 06:49:00
U0321,C050,4,98,True,2024-11-16 04:38:00
U0277,C002,3,7,False,2024-12-12 02:49:00
U0393,C089,4,74,False,2024-07-03 20:03:00
U0266,C098,4,77,False,2024-09-10 05:53:00
U0275,C065,3,62,False,2024-10-27 05:58:00
U0192,C044,3,49,False,2025-03-11 23:15:00
U0482,C081,4,100,True,2025-02-25 03:32:00
U0204,C062,2,15,False,2024-06-22 05:18:00
U0155,C091,4,76,False,2024-10-05 01:17:00
U0384,C025,5,82,False,2024-12-23 04:52:00
U0380,C063,3,53,False,2024-07-14 02:04:00
U0259,C069,3,70,False,2024-12-30 00:00:00
U0310,C007,2,30,False,2024-07-19 23:37:00
U0406,C070,4,51,False,2024-11-07 10:27:00
U0263,C054,2,30,False,2024-11-02 08:29:00
U0104,C050,5,57,False,2025-01-28 12:18:00
U0220,C067,4,81,False,2025-03-15 08:30:00
U0146,C057,4,64,False,2025-03-01 16:15:00
U0373,C042,5,100,True,2025-03-07 22:06:00
U0204,C049,2,30,False,2025-01-15 11:30:00
U0289,C060,3,56,False,2024-11-18 04:51:00
U0049,C024,5,68,False,2025-02-06 18:15:00
U0043,C090,2,17,False,2025-01-29 16:46:00
U0430,C064,2,36,False,2024-07-01 15:16:00
U0211,C066,2,25,False,2024-08-17 01:20:00
U0353,C067,2,20,False,2024-06-03 08:44:00
U0108,C097,3,49,False,2025-02-06 17:31:00
U0161,C070,2,24,False,2024-09-29 10:29:00
U0363,C039,4,87,False,2024-07-12 03:27:00
U0359,C045,3,66,False,2024-06-07 05:33:00
U0059,C044,3,52,False,2025-02-09 05:40:00
U0215,C030,3,67,False,2024-07-31 13:18:00
U0369,C011,4,80,False,2024-10-17 16:20:00
U0315,C008,3,58,False,2025-03-16 20:10:00
U0073,C014,4,71,False,2024-12-08 16:38:00
U0129,C027,3,68,False,2024-11-17 23:46:00
U0437,C035,3,43,False,2024-08-24 16:45:00
U0425,C041,5,100,True,2024-12-31 05:09:00
U0241,C011,3,32,False,2024-11-07 22:12:00
U0103,C095,3,38,False,2025-01-21 10:06:00
U0032,C070,4,75,False,2024-08-20 02:22:00
U0177,C027,4,95,True,2024-10-19 09:52:00
U0467,C068,4,58,False,2025-03-27 23:19:00
U0479,C089,3,5,False,2024-09-12 02:37:00
U0144,C080,3,74,False,2024-07-23 04:51:00
U0268,C043,4,76,False,2024-11-17 18:49:00
U0437,C009,4,69,False,2025-01-29 06:10:00
U0002,C097,4,100,True,2024-09-19 02:59:00
U0085,C071,3,30,False,2024-11-13 02:57:00
U0497,C009,4,97,True,2025-01-12 13:42:00
U0390,C038,3,55,False,2024-12-19 12:49:00
U0198,C005,4,85,False,2024-11-29 09:53:00
U0268,C033,3,58,False,2024-09-18 05:40:00
U0427,C040,4,82,False,2025-01-10 17:28:00
U0251,C075,3,59,False,2024-08-01 17:57:00
U0223,C006,5,86,False,2024-06-13 11:54:00
U0239,C032,4,92,True,2024-11-25 23:27:00
U0110,C013,4,92,True,2024-12-13 11:11:00
U0478,C010,2,15,False,2024-06-06 06:28:00
U0467,C067,4,84,False,2025-02-13 00:38:00
U0329,C052,3,76,False,2024-10-08 08:40:00
U0030,C011,3,87,False,2024-06-16 22:59:00
U0242,C021,2,26,False,2025-01-19 15:11:00
U0243,C025,2,23,False,2025-03-07 03:02:00
U0190,C099,3,47,False,2024-08-18 22:47:00
U0091,C074,4,51,False,2024-08-07 02:26:00
U0029,C034,4,72,False,2024-11-08 03:54:00
U0279,C014,4,80,False,2024-06-09 10:53:00
U0345,C010,4,81,False,2024-11-10 22:10:00
U0464,C028,4,82,False,2024-12-05 16:00:00
U0482,C087,4,86,False,2024-07-02 02:12:00
U0423,C025,3,59,False,2024-08-15 23:17:00
U0043,C072,5,64,False,2024-10-20 19:12:00
U0326,C074,3,71,False,2024-06-02 09:17:00
U0288,C072,4,70,False,2025-01-25 18:53:00
U0357,C048,3,33,False,2024-07-16 03:58:00
U0096,C041,5,72,False,2024-06-11 05:50:00
U0006,C064,5,77,False,2025-01-22 02:56:00
U0371,C011,4,68,False,2024-11-05 21:41:00
U0483,C030,2,56,False,2024-09-06 23:48:00
U0378,C012,3,69,False,2024-12-12 22:18:00
U0092,C029,4,75,False,2024-11-09 13:14:00
U0428,C084,3,53,False,2024-08-30 09:16:00
U0179,C025,2,22,False,2025-02-23 14:53:00
U0324,C006,4,83,False,2024-06-19 18:24:00
U0360,C051,4,63,False,2024-10-26 06:21:00
U0359,C063,4,69,False,2025-03-10 23:50:00
U0138,C057,4,40,False,2024-10-11 06:29:00
U0134,C064,3,56,False,2025-02-20 21:40:00
U0096,C035,4,79,False,2025-03-28 10:23:00
U0289,C098,4,39,False,2024-06-18 10:44:00
U0054,C021,4,87,False,2024-08-21 13:30:00
U0172,C089,5,85,False,2024-07-22 05:58:00
U0184,C008,4,96,True,2025-03-07 05:48:00
U0012,C060,2,17,False,2025-01-20 18:36:00
U0356,C086,3,54,False,2025-01-29 07:16:00
U0371,C081,2,44,False,2025-02-03 21:25:00
U0154,C055,4,84,False,2025-02-15 03:26:00
U0219,C085,2,26,False,2025-03-23 12:37:00
U0473,C089,4,87,False,2025-02-24 06:36:00
U0385,C061,3,18,False,2024-06-28 02:19:00
U0406,C090,2,15,False,2024-11-25 14:25:00
U0085,C073,3,40,False,2024-09-11 05:19:00
U0158,C048,4,100,True,2024-09-13 13:05:00
U0371,C088,3,45,False,2024-12-09 00:30:00
U0082,C018,4,77,False,2025-03-09 21:25:00
U0343,C035,3,53,False,2024-10-03 03:24:00
U0066,C019,4,94,True,2024-12-22 10:57:00
U0145,C068,3,44,False,2025-01-04 19:25:00
U0274,C066,3,43,False,2025-03-28 00:14:00
U0454,C094,3,62,False,2024-12-06 11:21:00
U0257,C045,1,54,False,2024-12-21 02:41:00
U0118,C007,4,94,True,2024-06-23 06:19:00
U0223,C013,2,60,False,2024-09-01 13:09:00
U0146,C051,4,76,False,2024-06-18 08:26:00
U0265,C097,5,56,False,2025-01-25 02:22:00
U0352,C097,4,88,False,2024-12-25 00:10:00
U0164,C083,2,19,False,2024-12-14 21:29:00
U0006,C066,2,34,False,2025-01-03 01:19:00
U0218,C014,3,23,False,2025-01-17 16:23:00
U0433,C024,3,57,False,2024-07-28 05:27:00
U0273,C011,3,5,False,2024-07-11 04:00:00
U0173,C025,3,49,False,2024-10-11 06:32:00
U0417,C050,4,86,False,2025-01-09 01:29:00
U0145,C046,4,82,False,2025-01-22 11:03:00
U0456,C054,3,55,False,2024-10-08 13:21:00
U0278,C029,3,22,False,2024-11-30 13:01:00
U0229,C072,5,93,True,2024-07-28 11:46:00
U0019,C067,5,100,True,2024-10-06 05:05:00
U0274,C015,3,48,False,2025-02-08 13:57:00
U0141,C080,5,79,False,2024-10-03 23:52:00
U0269,C011,4,57,False,2024-07-10 10:23:00
U0020,C044,4,100,True,2024-12-13 16:46:00
U0041,C045,5,70,False,2025-01-03 12:01:00
U0095,C011,1,7,False,2024-10-10 23:41:00
U0429,C074,4,78,False,2024-07-30 06:36:00
U0134,C054,4,71,False,2025-02-19 17:54:00
U0407,C002,3,40,False,2024-12-09 18:30:00
U0111,C049,3,98,True,2025-01-10 08:47:00
U0353,C040,3,64,False,2024-10-20 16:42:00
U0024,C023,5,82,False,2024-10-24 08:00:00
U0209,C097,5,89,False,2024-08-06 08:17:00
U0237,C061,3,50,False,2024-11-10 03:14:00
U0116,C071,2,11,False,2024-09-22 02:39:00
U0148,C090,3,49,False,2025-01-22 18:26:00
U0326,C049,4,87,False,2024-12-17 15:59:00
U0164,C069,4,50,False,2024-08-17 14:54:00
U0358,C027,3,73,False,2024-10-09 12:02:00
U0339,C069,2,6,False,2024-07-11 20:31:00
U0288,C025,1,23,False,2024-07-13 06:47:00
U0385,C065,3,35,False,2024-06-16 04:39:00
U0300,C076,4,85,False,2025-03-17 13:26:00
U0285,C040,3,55,False,2024-09-29 12:58:00
U0276,C020,4,63,False,2024-08-03 03:25:00
U0112,C062,4,100,True,2025-03-20 09:11:00
U0443,C055,4,70,False,2024-12-23 17:26:00
U0181,C008,4,89,False,2025-01-01 19:17:00
U0164,C017,4,98,True,2024-07-25 21:56:00
U0352,C020,4,57,False,2024-11-10 16:34:00
U0273,C027,3,57,False,2025-02-09 14:18:00
U0081,C021,3,27,False,2024-08-30 12:18:00
U0002,C056,3,69,False,2025-01-24 20:11:00
U0350,C025,3,53,False,2024-12-14 18:41:00
U0215,C097,2,35,False,2024-12-28 06:40:00
U0313,C026,4,73,False,2025-03-20 23:26:00
U0485,C080,4,53,False,2024-10-06 05:36:00
U0488,C100,4,85,False,2024-12-17 17:32:00
U0443,C060,3,75,False,2024-08-22 14:23:00
U0371,C067,2,22,False,2024-08-29 15:59:00
U0365,C068,3,52,False,2024-11-13 04:18:00
U0034,C025,4,91,True,2024-09-14 18:29:00
U0236,C089,4,71,False,2025-01-14 07:50:00
U0091,C025,4,73,False,2025-02-12 20:07:00
U0412,C006,4,62,False,2024-08-21 07:29:00
U0004,C097,4,70,False,2024-12-26 16:30:00
U0491,C028,2,32,False,2024-08-01 22:49:00
U0311,C028,2,20,False,2024-06-13 14:30:00
U0424,C055,3,74,False,2024-10-28 12:53:00
U0422,C062,2,25,False,2024-06-21 11:25:00
U0367,C021,1,23,False,2025-01-12 13:50:00
U0064,C049,4,59,False,2025-03-24 03:46:00
U0087,C092,3,38,False,2024-11-21 04:58:00
U0125,C045,3,69,False,2024-09-16 08:06:00
U0169,C033,4,75,False,2025-01-21 22:31:00
U0386,C009,4,90,True,2024-11-23 09:44:00
U0359,C049,4,67,False,2024-06-19 04:09:00
U0268,C038,4,97,True,2024-12-07 18:23:00
U0366,C063,3,96,True,2024-08-21 18:40:00
U0157,C069,3,55,False,2024-10-29 04:47:00
U0413,C065,3,59,False,2024-10-28 12:16:00
U0327,C037,2,16,False,2025-03-26 09:09:00
U0370,C077,3,57,False,2024-12-25 15:39:00
U0330,C079,4,89,False,2024-11-08 16:23:00
U0194,C011,3,76,False,2025-02-04 20:10:00
U0446,C043,3,53,False,2025-02-03 12:00:00
U0343,C063,4,82,False,2024-11-23 07:19:00
U0312,C062,2,15,False,2024-08-01 20:12:00
U0183,C079,4,77,False,2024-06-07 23:54:00
U0420,C059,4,92,True,2025-02-24 07:47:00
U0205,C041,4,72,False,2025-02-15 02:17:00
U0284,C025,1,43,False,2025-03-03 02:51:00
U0029,C084,4,77,False,2024-10-05 07:16:00
U0409,C005,4,94,True,2024-10-04 07:44:00
U0368,C013,4,96,True,2024-10-15 17:17:00
U0047,C063,3,37,False,2024-07-03 04:33:00
U0156,C018,3,53,False,2024-10-03 18:48:00
U0298,C007,5,73,False,2025-03-02 01:20:00
U0405,C053,3,91,True,2025-01-31 03:28:00
U0043,C074,4,70,False,2025-03-05 18:13:00
U0307,C040,4,79,False,2024-06-05 18:27:00
U0399,C089,3,55,False,2025-01-20 00:16:00
U0387,C019,4,83,False,2025-02-08 20:11:00
U0169,C077,2,19,False,2024-10-24 20:19:00
U0136,C067,4,94,True,2024-10-06 10:17:00
U0348,C040,3,32,False,2025-01-12 03:48:00
U0164,C010,2,26,False,2025-02-16 15:31:00
U0084,C085,5,83,False,2025-01-08 21:19:00
U0049,C095,1,5,False,2025-01-13 10:40:00
U0352,C006,4,71,False,2024-09-08 03:48:00
U0119,C093,3,68,False,2024-11-04 10:49:00
U0475,C089,5,75,False,2024-08-19 10:10:00
U0099,C091,3,23,False,2024-08-27 05:39:00
U0340,C077,4,97,True,2025-01-29 20:38:00
U0404,C028,4,49,False,2024-09-26 08:30:00
U0156,C020,4,100,True,2024-11-18 23:22:00
U0425,C011,2,17,False,2025-01-17 09:27:00
U0289,C067,4,70,False,2024-06-03 12:03:00
U0500,C019,4,71,False,2024-06-10 22:12:00
U0107,C037,3,74,False,2024-10-29 11:01:00
U0165,C033,5,54,False,2024-11-14 17:35:00
U0379,C044,4,100,True,2025-02-13 14:54:00
U0141,C046,5,87,False,2024-08-22 10:46:00
U0246,C065,2,7,False,2025-01-27 01:49:00
U0338,C076,4,86,False,2024-10-06 08:38:00
U0029,C048,4,85,False,2025-03-03 11:28:00
U0069,C011,5,98,True,2024-07-08 10:49:00
U0376,C010,4,94,True,2024-08-17 18:19:00
U0294,C026,4,86,False,2025-01-11 07:20:00
U0294,C037,4,59,False,2025-03-13 16:52:00
U0150,C009,4,78,False,2024-07-05 22:45:00
U0379,C054,4,73,False,2025-01-15 23:56:00
U0110,C050,4,67,False,2024-09-25 14:23:00
U0171,C077,3,41,False,2024-10-09 19:47:00
U0478,C018,4,79,False,2024-12-28 13:25:00
U0413,C062,3,47,False,2025-02-26 01:58:00
U0263,C039,4,100,True,2025-01-10 01:32:00
U0448,C097,4,65,False,2025-03-03 15:18:00
U0295,C015,3,45,False,2024-07-09 18:05:00
U0499,C004,4,100,True,2025-02-28 05:51:00
U0263,C071,2,5,False,2024-07-15 18:59:00
U0240,C004,4,79,False,2024-07-08 21:27:00
U0419,C035,3,34,False,2024-08-17 20:21:00
U0038,C097,4,50,False,2024-11-21 14:33:00
U0400,C007,4,77,False,2024-06-11 12:36:00
U0151,C097,4,75,False,2024-12-17 00:00:00
U0116,C060,4,68,False,2024-10-11 07:37:00
U0346,C097,3,53,False,2025-02-28 14:41:00
U0341,C020,3,76,False,2024-11-29 22:55:00
U0296,C053,3,36,False,2024-09-14 09:11:00
U0052,C050,4,66,False,2024-06-21 04:34:00
U0179,C078,3,65,False,2024-11-15 10:59:00
U0156,C019,5,61,False,2024-09-28 06:49:00
U0182,C069,5,86,False,2025-01-12 03:53:00
U0486,C045,5,100,True,2024-09-15 12:03:00
U0229,C077,4,78,False,2024-09-14 12:37:00
U0418,C036,5,83,False,2025-02-15 18:46:00
U0265,C044,5,97,True,2024-08-01 15:47:00
U0310,C051,3,70,False,2024-12-30 06:13:00
U0047,C078,4,75,False,2024-12-02 15:16:00
U0261,C085,4,91,True,2024-06-09 00:24:00
U0412,C002,3,93,True,2024-11-29 11:19:00
U0429,C040,2,16,False,2024-09-26 22:05:00
U0334,C077,4,88,False,2025-01-28 00:17:00
U0374,C041,4,79,False,2024-06-24 04:54:00
U0128,C021,4,76,False,2024-08-05 16:09:00
U0072,C023,5,92,True,2024-07-02 19:51:00
U0108,C025,4,58,False,2024-10-29 11:39:00
U0213,C011,2,34,False,2025-01-01 05:11:00
U0480,C013,3,89,False,2024-09-01 11:56:00
U0474,C016,3,59,False,2024-06-16 15:13:00
U0157,C064,4,71,False,2024-10-14 19:20:00
U0015,C100,2,12,False,2024-11-17 00:56:00
U0241,C015,4,81,False,2024-12-26 01:34:00
U0194,C097,4,80,False,2025-02-24 05:10:00
U0052,C008,3,49,False,2024-07-18 13:04:00
U0058,C025,2,42,False,2025-01-24 13:54:00
U0439,C061,3,41,False,2024-06-01 09:30:00
U0241,C099,3,91,True,2024-10-10 04:20:00
U0337,C070,3,71,False,2024-07-20 15:31:00
U0293,C045,4,82,False,2025-02-19 04:51:00
U0483,C006,5,79,False,2024-07-19 22:25:00
U0145,C040,4,93,True,2024-07-24 07:14:00
U0129,C030,3,33,False,2024-11-16 22:29:00
U0296,C062,3,42,False,2024-10-15 04:20:00
U0217,C045,4,80,False,2025-03-24 23:59:00
U0436,C055,5,78,False,2024-06-25 06:11:00
U0008,C081,5,75,False,2024-09-30 05:25:00
U0166,C076,4,83,False,2025-02-03 11:12:00
U0322,C033,4,99,True,2025-03-23 12:28:00
U0110,C017,3,49,False,2025-03-07 14:07:00
U0382,C067,3,64,False,2024-11-20 10:57:00
U0096,C046,4,67,False,2025-02-05 17:29:00
U0340,C071,4,49,False,2025-02-21 08:04:00
U0117,C011,2,40,False,2024-07-27 03:35:00
U0365,C022,3,63,False,2024-11-05 14:27:00
U0284,C005,4,75,False,2024-07-13 16:11:00
U0204,C041,4,80,False,2025-02-17 06:09:00
U0431,C085,5,71,False,2024-06-09 06:46:00
U0382,C070,5,73,False,2024-08-17 18:55:00
U0272,C019,4,71,False,2024-12-03 17:14:00
U0356,C057,2,14,False,2025-02-27 05:23:00
U0082,C013,5,86,False,2024-09-24 22:09:00
U0277,C033,3,47,False,2025-01-04 06:17:00
U0026,C064,2,5,False,2024-12-23 09:24:00
U0462,C084,4,61,False,2025-01-30 14:20:00
U0070,C025,3,58,False,2024-11-01 00:04:00
U0129,C049,4,81,False,2024-11-07 06:59:00
U0376,C005,4,100,True,2024-07-01 13:08:00
U0074,C016,4,100,True,2024-10-03 12:50:00
U0082,C017,3,54,False,2024-09-08 07:53:00
U0180,C049,2,21,False,2024-08-11 12:07:00
U0372,C097,3,52,False,2024-08-17 06:28:00
U0073,C041,5,88,False,2024-06-06 20:07:00
U0267,C044,3,57,False,2025-01-28 07:42:00
U0225,C024,3,50,False,2025-03-05 23:39:00
U0233,C091,3,97,True,2024-10-18 01:24:00
U0430,C074,2,17,False,2024-07-28 20:29:00
U0219,C059,4,77,False,2025-02-05 09:14:00
U0268,C050,3,88,False,2024-12-03 07:55:00
U0436,C058,3,55,False,2025-01-02 01:40:00
U0054,C099,3,74,False,2024-10-22 23:46:00
U0142,C056,3,33,False,2025-02-16 10:26:00
U0342,C021,4,90,True,2024-11-30 02:00:00
U0052,C064,4,83,False,2025-02-04 07:37:00
U0341,C018,4,71,False,2025-03-15 19:53:00
U0446,C023,4,96,True,2024-12-13 01:38:00
U0056,C076,3,40,False,2024-07-21 18:06:00
U0061,C025,1,17,False,2024-10-01 11:37:00
U0345,C005,1,6,False,2025-01-02 12:45:00
U0382,C065,3,60,False,2025-01-22 18:55:00
U0417,C011,3,80,False,2025-01-08 21:58:00
U0014,C046,4,72,False,2024-06-13 20:21:00
U0051,C067,3,26,False,2024-06-15 23:29:00
U0435,C074,2,43,False,2024-12-01 21:22:00
U0181,C097,4,72,False,2024-10-06 08:28:00
U0402,C025,4,79,False,2024-10-13 05:13:00
U0286,C097,4,88,False,2025-03-08 20:20:00
U0380,C042,4,71,False,2024-08-28 15:54:00
U0046,C030,3,70,False,2025-03-03 23:51:00
U0429,C097,5,97,True,2024-11-10 09:06:00
U0469,C063,3,49,False,2024-12-25 10:39:00
U0255,C083,4,87,False,2024-09-12 08:54:00
U0363,C036,2,56,False,2025-01-11 11:48:00
U0082,C049,3,45,False,2024-11-13 00:07:00
U0098,C060,5,80,False,2025-02-15 22:41:00
U0287,C059,3,54,False,2025-03-03 05:25:00
U0317,C023,3,64,False,2024-07-18 02:45:00
U0307,C090,2,30,False,2024-12-25 08:09:00
U0367,C012,4,88,False,2024-12-21 04:58:00
U0198,C049,4,70,False,2025-03-19 02:20:00
U0116,C053,4,70,False,2024-10-04 17:09:00
U0342,C083,3,63,False,2024-06-14 15:14:00
U0427,C075,5,75,False,2024-10-04 07:28:00
U0332,C010,5,100,True,2024-08-14 00:18:00
U0125,C010,4,76,False,2025-02-03 14:26:00
U0099,C017,4,73,False,2025-03-25 12:40:00
U0295,C091,3,41,False,2024-12-16 23:16:00
U0362,C010,1,44,False,2024-12-04 08:27:00
U0190,C100,3,69,False,2024-09-29 10:34:00
U0183,C015,3,68,False,2024-11-12 22:15:00
U0408,C015,4,85,False,2024-07-20 16:45:00
U0244,C034,3,59,False,2024-09-25 23:22:00
U0368,C036,3,38,False,2025-03-11 07:29:00
U0138,C052,3,60,False,2025-01-22 19:28:00
U0255,C053,5,80,False,2024-08-27 00:35:00
U0230,C071,4,91,True,2024-11-25 15:55:00
U0362,C053,4,89,False,2024-07-04 23:17:00
U0292,C012,5,75,False,2025-02-07 13:45:00
U0392,C049,2,5,False,2024-12-20 06:42:00
U0232,C065,4,84,False,2024-11-17 07:36:00
U0409,C032,4,48,False,2024-12-26 04:49:00
U0277,C054,4,70,False,2025-03-28 10:55:00
U0004,C049,2,20,False,2024-06-28 22:48:00
U0315,C087,3,44,False,2024-08-22 23:12:00
U0128,C043,4,50,False,2024-08-31 05:01:00
U0333,C053,2,5,False,2024-08-01 10:05:00
U0049,C097,1,14,False,2025-03-21 22:43:00
U0199,C021,4,76,False,2024-12-13 22:30:00
U0071,C017,4,73,False,2024-09-02 03:19:00
U0182,C054,4,51,False,2024-10-08 15:05:00
U0095,C027,4,67,False,2024-09-25 11:41:00
U0325,C045,4,76,False,2024-07-19 16:16:00
U0011,C025,2,42,False,2024-07-02 17:03:00
U0350,C051,4,60,False,2024-06-01 16:00:00
U0003,C010,4,77,False,2024-06-15 18:36:00
U0192,C053,4,64,False,2024-08-28 06:40:00
U0318,C049,4,62,False,2024-09-20 11:06:00
U0457,C088,4,89,False,2024-08-30 16:09:00
U0417,C049,3,45,False,2024-06-16 19:02:00
U0479,C082,3,26,False,2024-11-07 09:06:00
U0179,C098,4,100,True,2025-02-21 05:57:00
U0080,C010,3,52,False,2024-11-20 14:59:00
U0338,C073,5,87,False,2025-01-16 03:42:00
U0284,C036,2,17,False,2024-12-05 04:15:00
U0492,C010,3,62,False,2024-09-05 12:02:00
U0416,C011,1,60,False,2024-07-21 16:05:00
U0289,C095,4,82,False,2025-02-23 12:48:00
U0280,C060,5,100,True,2024-11-12 04:28:00
U0391,C038,4,94,True,2024-12-24 13:24:00
U0043,C086,4,77,False,2024-07-24 10:35:00
U0248,C050,3,38,False,2025-02-10 09:49:00
U0351,C009,3,27,False,2024-06-22 06:05:00
U0158,C025,1,20,False,2025-03-20 17:11:00
U0274,C020,3,58,False,2024-12-15 06:22:00
U0494,C017,4,98,True,2025-02-16 16:54:00
U0358,C024,5,97,True,2024-07-21 14:11:00
U0457,C041,3,45,False,2024-07-08 22:13:00
U0254,C080,4,54,False,2024-06-08 01:59:00
U0196,C063,3,50,False,2024-07-30 09:00:00
U0091,C099,2,39,False,2024-09-25 11:58:00
U0429,C030,4,100,True,2024-08-12 19:15:00
U0319,C078,3,64,False,2025-03-20 22:55:00
U0462,C017,4,72,False,2024-10-18 13:44:00
U0006,C067,3,87,False,2024-12-11 08:53:00
U0130,C057,4,89,False,2024-06-22 22:49:00
U0230,C074,3,30,False,2024-07-07 20:07:00
U0060,C052,3,52,False,2024-07-05 05:34:00
U0168,C059,3,54,False,2024-12-21 09:34:00
U0147,C067,2,8,False,2024-10-12 03:48:00
U0062,C049,4,89,False,2024-09-12 02:35:00
U0434,C055,3,34,False,2025-02-21 01:30:00
U0246,C025,3,47,False,2024-06-20 12:11:00
U0043,C078,3,67,False,2024-07-05 07:27:00
U0316,C040,3,49,False,2025-01-13 19:49:00
U0393,C062,2,44,False,2024-09-16 23:20:00
U0023,C015,4,82,False,2024-11-22 08:58:00
U0090,C027,3,59,False,2024-06-29 12:24:00
U0079,C028,4,95,True,2025-02-14 02:14:00
U0095,C071,4,85,False,2025-01-11 00:55:00
U0226,C056,4,66,False,2025-02-26 09:35:00
U0083,C076,4,92,True,2024-06-30 03:43:00
U0034,C095,3,62,False,2024-06-09 19:46:00
U0087,C078,2,28,False,2024-11-12 11:02:00
U0074,C045,2,9,False,2024-09-28 00:24:00
U0002,C057,4,76,False,2025-03-18 03:54:00
U0115,C053,4,96,True,2024-06-19 18:34:00
U0038,C091,3,65,False,2025-03-20 20:24:00
U0145,C043,4,98,True,2025-01-17 23:15:00
U0350,C057,4,58,False,2024-11-24 20:29:00
U0079,C082,5,97,True,2024-09-23 04:18:00
U0327,C063,2,5,False,2024-12-16 08:56:00
U0083,C071,3,63,False,2025-01-08 09:09:00
U0437,C043,4,98,True,2024-08-04 20:22:00
U0107,C074,2,35,False,2025-01-02 13:29:00
U0376,C055,5,82,False,2025-01-24 11:21:00
U0167,C015,4,78,False,2025-02-27 06:15:00
U0112,C041,2,9,False,2025-03-19 06:55:00
U0374,C100,4,84,False,2024-12-04 14:35:00
U0442,C090,2,37,False,2024-12-27 11:41:00
U0158,C045,4,73,False,2025-01-27 03:34:00
U0334,C080,5,69,False,2024-12-29 01:12:00
U0112,C063,3,5,False,2024-12-14 16:27:00
U0093,C074,2,5,False,2024-06-13 22:13:00
U0198,C042,3,27,False,2024-10-18 23:43:00
U0289,C053,3,77,False,2024-12-23 18:50:00
U0411,C054,5,84,False,2024-11-10 14:15:00
U0162,C075,4,84,False,2025-02-27 23:40:00
U0403,C081,5,94,True,2024-06-05 01:21:00
U0437,C060,4,74,False,2024-11-30 06:47:00
U0078,C049,1,35,False,2024-11-05 02:23:00
U0320,C010,2,5,False,2025-03-26 14:30:00
U0174,C007,3,100,True,2024-10-27 09:06:00
U0411,C015,4,67,False,2024-08-23 13:07:00
U0210,C089,4,59,False,2025-01-27 22:17:00
U0354,C025,3,29,False,2024-10-06 03:42:00
U0485,C075,5,87,False,2024-07-20 01:08:00
U0451,C063,3,52,False,2025-01-31 05:49:00
U0011,C052,5,91,True,2025-01-12 18:36:00
U0094,C041,4,76,False,2025-02-07 21:36:00
U0044,C054,2,55,False,2024-07-06 05:08:00
U0320,C077,4,85,False,2024-08-16 03:59:00
U0405,C009,1,21,False,2024-09-09 20:20:00
U0150,C046,5,61,False,2024-07-13 11:38:00
U0410,C060,3,46,False,2024-12-31 05:23:00
U0436,C093,5,80,False,2024-10-22 16:57:00
U0469,C036,3,80,False,2024-08-25 01:41:00
U0123,C097,4,93,True,2024-10-13 14:27:00
U0173,C065,3,55,False,2024-07-12 10:35:00
U0017,C080,3,22,False,2024-06-06 23:36:00
U0010,C014,4,100,True,2025-01-27 12:24:00
U0019,C065,3,74,False,2024-12-10 10:23:00
U0209,C054,3,38,False,2024-08-07 11:46:00
U0134,C086,4,96,True,2024-10-23 08:05:00
U0468,C003,2,24,False,2024-11-11 16:57:00
U0059,C005,5,77,False,2024-07-25 07:04:00
U0293,C067,4,84,False,2024-07-15 02:00:00
U0446,C091,1,8,False,2024-07-07 04:37:00
U0321,C049,4,74,False,2025-01-22 20:55:00
U0170,C030,2,5,False,2024-07-25 19:07:00
U0029,C028,3,59,False,2024-09-11 23:59:00
U0042,C042,4,80,False,2024-06-02 13:50:00
U0352,C002,3,53,False,2024-07-11 12:20:00
U0321,C046,3,22,False,2024-09-10 22:31:00
U0310,C011,4,56,False,2025-01-27 09:46:00
U0347,C041,4,81,False,2025-01-13 05:32:00
U0004,C053,4,95,True,2024-10-13 04:56:00
U0278,C023,4,100,True,2024-08-03 22:48:00
U0039,C088,3,57,False,2024-11-12 07:10:00
U0203,C088,4,63,False,2024-10-30 19:26:00
U0260,C047,4,100,True,2025-01-05 08:52:00
U0177,C099,2,24,False,2025-02-27 00:41:00
U0456,C053,2,14,False,2024-10-07 09:48:00
U0083,C072,3,89,False,2025-02-08 11:57:00
U0376,C058,4,74,False,2024-07-11 21:48:00
U0461,C025,3,57,False,2024-06-07 23:43:00
U0046,C026,4,70,False,2024-07-04 18:16:00
U0373,C007,3,56,False,2025-01-17 11:47:00
U0416,C066,5,87,False,2024-11-01 15:20:00
U0280,C063,4,92,True,2024-09-06 07:37:00
U0088,C073,4,64,False,2024-12-27 14:56:00
U0237,C066,4,65,False,2024-12-24 14:55:00
U0073,C049,4,58,False,2024-12-15 13:01:00
U0196,C097,1,5,False,2024-08-16 12:23:00
U0008,C083,4,100,True,2024-08-17 18:11:00
U0112,C067,3,21,False,2025-01-28 04:17:00
U0201,C076,3,36,False,2024-10-21 07:12:00
U0250,C066,3,67,False,2025-01-08 13:54:00
U0181,C010,2,24,False,2024-07-05 10:45:00
U0245,C045,4,81,False,2024-09-29 16:31:00
U0412,C008,4,92,True,2024-06-07 09:40:00
U0082,C015,4,86,False,2025-01-06 19:07:00
U0307,C035,2,25,False,2024-11-22 23:23:00
U0414,C029,4,90,True,2024-12-07 18:30:00
U0033,C022,3,41,False,2024-12-31 07:13:00
U0484,C025,3,65,False,2024-11-08 20:58:00
U0462,C009,2,40,False,2024-10-22 17:21:00
U0296,C088,4,81,False,2024-09-08 04:20:00
U0401,C035,4,76,False,2024-09-30 07:31:00
U0289,C032,4,84,False,2024-11-08 16:56:00
U0049,C020,5,67,False,2024-11-12 02:33:00
U0252,C069,4,72,False,2024-10-15 02:28:00
U0200,C098,3,19,False,2024-10-20 22:09:00
U0187,C010,3,100,True,2024-07-01 15:15:00
U0115,C091,4,63,False,2024-11-30 19:30:00
U0288,C038,4,48,False,2024-11-11 15:20:00
U0310,C056,3,83,False,2024-09-11 20:12:00
U0491,C007,2,8,False,2024-08-01 09:46:00
U0032,C011,2,28,False,2024-09-08 16:51:00
U0259,C045,5,65,False,2025-01-03 22:52:00
U0015,C037,2,41,False,2024-07-11 11:29:00
U0398,C034,3,55,False,2024-08-15 14:40:00
U0196,C050,4,73,False,2025-01-14 10:06:00
U0480,C015,4,85,False,2024-09-10 22:38:00
U0066,C012,5,50,False,2024-08-03 01:55:00
U0168,C082,3,59,False,2024-08-12 10:53:00
U0369,C002,3,89,False,2025-01-09 20:20:00
U0203,C090,3,54,False,2024-06-18 20:18:00
U0166,C079,4,71,False,2024-06-21 16:03:00
U0371,C041,2,5,False,2024-08-07 15:04:00
U0053,C063,4,89,False,2024-09-29 02:48:00
U0185,C025,3,44,False,2024-11-21 02:26:00
U0176,C097,4,100,True,2025-02-08 12:34:00
U0032,C071,2,43,False,2024-12-20 22:09:00
U0281,C082,2,25,False,2024-09-15 14:10:00
U0060,C010,3,56,False,2024-10-12 07:15:00
U0029,C086,4,74,False,2024-06-13 01:41:00
U0432,C076,3,71,False,2024-06-22 01:14:00
U0489,C005,3,44,False,2025-02-12 10:20:00
U0199,C013,3,8,False,2024-12-20 00:32:00
U0392,C001,3,61,False,2024-12-30 17:04:00
U0021,C033,3,5,False,2024-09-15 07:37:00
U0252,C063,5,82,False,2024-07-12 18:56:00
U0189,C041,4,72,False,2024-12-21 06:09:00
U0275,C090,4,100,True,2024-10-23 08:35:00
U0192,C041,3,88,False,2024-09-12 19:16:00
U0134,C091,4,66,False,2024-10-25 14:01:00
U0395,C026,5,85,False,2024-07-28 01:24:00
U0412,C004,4,75,False,2024-09-11 18:47:00
U0383,C007,3,58,False,2024-11-03 11:29:00
U0028,C048,5,75,False,2025-03-18 08:13:00
U0262,C011,4,100,True,2024-09-19 05:55:00
U0171,C085,3,65,False,2024-11-15 14:25:00
U0309,C033,4,86,False,2025-02-07 15:35:00
U0306,C094,3,44,False,2024-07-10 19:06:00
U0453,C041,3,25,False,2024-06-26 00:17:00
U0477,C035,3,32,False,2024-12-13 23:36:00
U0493,C004,3,40,False,2024-12-06 06:41:00
U0098,C054,2,13,False,2024-12-08 02:17:00
U0214,C095,4,84,False,2024-06-18 03:19:00
U0062,C071,4,67,False,2024-06-16 15:11:00
U0008,C084,5,71,False,2025-01-20 18:44:00
U0286,C012,3,69,False,2025-03-16 15:04:00
U0375,C044,5,100,True,2024-07-04 12:43:00
U0222,C063,3,47,False,2024-12-29 05:00:00
U0337,C048,3,29,False,2024-10-23 23:30:00
U0013,C017,4,63,False,2024-09-29 22:28:00
U0415,C051,4,100,True,2025-03-16 13:35:00
U0488,C070,1,45,False,2024-09-27 22:54:00
U0192,C074,3,73,False,2025-03-10 17:09:00
U0165,C054,2,45,False,2024-11-25 13:11:00
U0298,C060,3,17,False,2024-11-25 09:09:00
U0417,C062,5,88,False,2025-03-05 13:23:00
U0493,C059,4,65,False,2024-10-08 04:21:00
U0231,C085,3,76,False,2024-08-24 01:21:00
U0260,C010,1,19,False,2024-08-14 19:21:00
U0277,C041,4,68,False,2025-03-21 04:52:00
U0406,C063,5,58,False,2024-07-12 13:56:00
U0295,C086,3,49,False,2024-08-24 23:14:00
U0351,C097,3,82,False,2024-11-19 15:07:00
U0167,C021,3,65,False,2024-12-09 17:59:00
U0203,C066,4,62,False,2024-09-21 18:22:00
U0384,C007,5,83,False,2024-09-24 20:41:00
U0233,C017,4,79,False,2024-06-01 16:51:00
U0056,C080,3,59,False,2024-07-07 22:19:00
U0124,C099,2,14,False,2024-11-03 06:34:00
U0013,C020,2,33,False,2024-08-01 06:11:00
U0424,C010,4,97,True,2024-07-07 02:16:00
U0232,C100,2,10,False,2025-01-03 11:42:00
U0207,C050,3,48,False,2024-11-01 10:24:00
U0318,C048,4,69,False,2024-06-22 21:31:00
U0017,C022,4,75,False,2024-06-16 08:44:00
U0197,C010,4,93,True,2024-07-21 13:44:00
U0301,C016,3,30,False,2025-02-07 00:24:00
U0020,C025,2,50,False,2024-07-15 15:16:00
U0124,C091,3,10,False,2024-06-18 10:19:00
U0283,C049,4,66,False,2025-01-18 06:39:00
U0211,C063,4,85,False,2024-06-15 16:28:00
U0036,C040,5,82,False,2024-10-19 22:36:00
U0199,C025,1,11,False,2025-03-02 20:46:00
U0025,C008,2,20,False,2025-02-20 15:11:00
U0462,C016,4,81,False,2024-06-21 09:38:00
U0496,C010,2,25,False,2024-09-10 15:31:00
U0128,C045,4,75,False,2024-08-30 12:02:00
U0155,C061,2,5,False,2025-03-26 15:14:00
U0486,C078,2,48,False,2024-07-22 05:08:00
U0068,C025,4,69,False,2025-03-16 00:28:00
U0255,C084,4,100,True,2024-06-11 22:33:00
U0460,C081,3,44,False,2025-03-06 03:26:00
U0243,C084,4,100,True,2025-03-13 22:27:00
U0035,C037,4,80,False,2024-12-01 15:25:00
U0260,C098,3,43,False,2024-08-10 03:01:00
U0083,C073,3,42,False,2024-09-09 14:42:00
U0245,C046,3,88,False,2025-03-26 13:07:00
U0076,C007,4,80,False,2024-06-06 11:03:00
U0262,C097,2,9,False,2024-07-28 16:42:00
U0137,C041,3,62,False,2024-11-03 04:20:00
U0472,C056,3,29,False,2024-09-18 06:42:00
U0244,C037,5,63,False,2024-07-21 05:24:00
U0284,C065,5,57,False,2024-07-07 04:42:00
U0066,C025,3,69,False,2024-08-14 02:30:00
U0263,C010,3,38,False,2024-07-08 18:10:00
U0127,C057,3,23,False,2024-12-03 07:52:00
U0135,C044,4,61,False,2024-06-22 10:49:00
U0203,C064,4,88,False,2024-12-18 14:38:00
U0429,C010,1,42,False,2024-08-05 15:39:00
U0487,C090,1,20,False,2024-12-26 20:55:00
U0387,C018,4,69,False,2025-02-22 09:31:00
U0396,C040,4,68,False,2024-06-16 13:04:00
U0288,C010,3,34,False,2024-06-21 11:17:00
U0202,C026,4,79,False,2024-11-03 17:38:00
U0168,C097,2,7,False,2025-01-27 16:31:00
U0198,C011,1,36,False,2025-03-14 21:38:00
U0071,C023,4,43,False,2025-02-06 10:34:00
U0265,C005,3,46,False,2024-10-07 20:17:00
U0479,C085,3,70,False,2025-02-18 07:20:00
U0475,C007,4,70,False,2024-10-01 18:12:00
U0179,C089,1,17,False,2024-09-07 10:33:00
U0347,C045,3,35,False,2025-01-04 21:42:00
U0456,C028,3,70,False,2024-10-30 06:43:00
U0352,C098,4,77,False,2025-03-11 10:13:00
U0409,C039,5,97,True,2024-08-28 03:46:00
U0371,C005,4,63,False,2024-10-05 06:38:00
U0405,C072,4,100,True,2024-09-02 20:51:00
U0248,C025,3,37,False,2025-03-18 14:34:00
U0175,C050,2,20,False,2024-07-07 08:07:00
U0495,C088,4,100,True,2024-12-19 00:04:00
U0097,C025,4,83,False,2024-10-09 15:29:00
U0479,C064,3,43,False,2025-03-26 08:32:00
U0291,C039,3,62,False,2024-06-27 13:40:00
U0251,C078,4,75,False,2025-01-10 12:20:00
U0062,C014,2,5,False,2024-12-03 01:02:00
U0434,C054,4,48,False,2025-03-08 17:17:00
U0474,C068,3,66,False,2025-01-03 06:02:00
U0457,C022,4,78,False,2024-06-06 03:21:00
U0320,C063,2,19,False,2024-10-24 13:15:00
U0119,C099,3,75,False,2025-03-20 08:59:00
U0283,C094,3,96,True,2024-08-17 00:35:00
U0300,C074,4,60,False,2024-08-27 12:13:00
U0278,C021,4,70,False,2024-07-17 18:47:00
U0315,C053,5,73,False,2024-10-17 15:07:00
U0049,C057,4,89,False,2024-09-22 07:29:00
U0313,C032,4,80,False,2024-09-21 08:06:00
U0002,C055,4,84,False,2025-01-09 18:55:00
U0308,C025,2,5,False,2025-01-15 06:14:00
U0052,C011,2,13,False,2024-12-27 22:28:00
U0227,C055,5,92,True,2024-12-12 00:34:00
U0392,C086,3,68,False,2025-01-10 16:21:00
U0165,C037,3,57,False,2024-12-16 14:38:00
U0106,C043,4,73,False,2024-07-10 19:53:00
U0358,C023,3,79,False,2024-12-24 06:13:00
U0128,C027,3,41,False,2024-09-27 12:38:00
U0450,C051,4,70,False,2025-03-16 07:41:00
U0358,C021,3,42,False,2024-12-17 18:22:00
U0185,C052,5,80,False,2025-01-10 23:28:00
U0466,C094,4,78,False,2024-10-09 11:14:00
U0138,C059,5,68,False,2025-02-01 05:10:00
U0113,C053,3,81,False,2025-02-20 19:33:00
U0196,C065,3,54,False,2024-09-26 02:45:00
U0469,C040,4,81,False,2025-03-11 01:16:00
U0232,C063,4,66,False,2025-01-10 08:55:00
U0469,C037,4,55,False,2024-11-07 05:33:00
U0035,C006,3,97,True,2024-06-27 18:41:00
U0401,C087,2,5,False,2024-08-30 09:35:00
U0241,C053,4,89,False,2024-08-25 07:01:00
U0414,C030,3,63,False,2024-07-10 02:49:00
U0052,C006,4,89,False,2025-03-01 03:49:00
U0237,C022,4,58,False,2024-08-31 04:34:00
U0478,C011,4,95,True,2024-11-14 05:49:00
U0257,C071,4,91,True,2024-12-19 04:10:00
U0025,C009,3,54,False,2024-10-02 19:53:00
U0189,C048,3,69,False,2025-01-23 07:29:00
U0090,C097,5,83,False,2024-10-06 05:40:00
U0311,C074,3,35,False,2024-07-05 12:08:00
U0001,C047,4,72,False,2025-02-06 21:48:00
U0456,C074,3,47,False,2024-11-29 19:36:00
U0368,C025,5,63,False,2024-12-25 08:33:00
U0480,C019,4,67,False,2025-02-11 04:51:00
U0189,C011,5,95,True,2024-07-30 19:57:00
U0192,C082,5,85,False,2024-09-10 00:13:00
U0223,C025,2,47,False,2024-08-15 14:55:00
U0303,C049,5,100,True,2024-08-11 20:50:00
U0155,C015,3,49,False,2024-06-09 07:57:00
U0225,C073,3,62,False,2025-01-25 22:29:00
U0191,C025,4,84,False,2025-01-24 04:26:00
U0492,C015,3,68,False,2024-07-22 09:23:00
U0028,C100,4,75,False,2024-12-15 20:55:00
U0222,C050,5,70,False,2024-11-29 16:35:00
U0245,C066,4,91,True,2024-07-05 11:21:00
U0100,C093,4,59,False,2024-08-24 00:06:00
U0075,C097,3,90,True,2025-03-15 08:03:00
U0013,C057,5,81,False,2024-12-08 00:28:00
U0236,C071,3,5,False,2024-10-24 11:03:00
U0453,C086,4,75,False,2025-01-08 16:02:00
U0342,C025,4,82,False,2025-03-17 16:04:00
U0496,C073,5,73,False,2024-11-17 21:45:00
U0226,C011,4,78,False,2024-10-15 04:09:00
U0391,C090,4,96,True,2024-07-18 19:24:00
U0142,C022,4,72,False,2024-06-23 09:00:00
U0489,C057,4,78,False,2025-03-19 06:26:00
U0410,C069,2,35,False,2024-08-17 13:35:00
U0291,C080,5,64,False,2024-09-16 00:04:00
U0084,C074,3,65,False,2024-10-14 23:30:00
U0403,C088,4,99,True,2024-08-24 21:31:00
U0059,C045,2,19,False,2024-11-23 19:46:00
U0191,C056,3,86,False,2024-10-11 18:35:00
U0281,C062,4,95,True,2024-11-17 20:42:00
U0168,C089,2,20,False,2025-02-22 21:17:00
U0413,C068,4,55,False,2024-09-24 00:27:00
U0248,C093,3,72,False,2024-11-01 15:46:00
U0208,C078,3,59,False,2024-11-01 08:06:00
U0433,C047,3,25,False,2024-10-06 14:57:00
U0079,C021,5,73,False,2025-03-05 16:23:00
U0212,C074,1,45,False,2025-01-01 18:21:00
U0154,C051,5,80,False,2025-02-02 21:04:00
U0397,C022,3,100,True,2025-01-10 12:52:00
U0222,C076,3,55,False,2024-06-16 10:23:00
U0061,C016,4,100,True,2025-02-07 12:37:00
U0110,C016,4,72,False,2024-10-25 07:39:00
U0307,C037,3,48,False,2024-07-13 03:05:00
U0043,C049,2,13,False,2024-06-05 04:34:00
U0220,C006,2,5,False,2024-08-17 01:00:00
U0242,C033,4,100,True,2024-10-28 11:43:00
U0359,C089,4,53,False,2024-07-15 01:10:00
U0458,C072,4,64,False,2024-06-20 18:05:00
U0021,C063,5,87,False,2024-08-27 12:52:00
U0252,C019,3,40,False,2024-10-28 19:53:00
U0270,C100,4,89,False,2024-10-24 04:04:00
U0237,C019,4,76,False,2024-08-20 20:49:00
U0359,C086,4,70,False,2024-09-23 22:18:00
U0017,C021,3,13,False,2024-08-23 22:30:00
U0415,C059,4,84,False,2024-11-04 09:41:00
U0362,C063,4,76,False,2025-01-01 07:50:00
U0434,C061,2,29,False,2024-09-16 07:29:00
U0077,C005,4,85,False,2024-06-19 02:03:00
U0076,C008,4,84,False,2024-08-04 04:46:00
U0038,C082,4,85,False,2024-11-11 18:15:00
U0368,C067,3,67,False,2024-08-02 20:42:00
U0483,C078,3,56,False,2024-11-02 22:13:00
U0459,C012,2,19,False,2024-12-04 05:25:00
U0099,C002,4,64,False,2024-06-17 08:24:00
U0096,C001,2,6,False,2025-01-24 21:25:00
U0402,C049,1,8,False,2024-11-13 14:08:00
U0418,C093,4,85,False,2025-01-03 21:20:00
U0491,C005,4,77,False,2025-03-18 22:11:00
U0004,C025,4,74,False,2024-08-24 08:26:00
U0048,C061,5,100,True,2024-08-15 01:56:00
U0072,C099,3,65,False,2025-02-09 08:58:00
U0104,C049,2,30,False,2024-12-31 01:49:00
U0005,C062,3,59,False,2024-12-08 10:00:00
U0054,C097,4,65,False,2024-09-12 06:09:00
U0171,C093,4,61,False,2024-10-19 16:25:00
U0456,C078,5,59,False,2024-09-09 13:49:00
U0487,C010,1,17,False,2024-06-21 14:46:00
U0303,C055,4,69,False,2025-01-20 01:18:00
U0171,C098,2,28,False,2024-07-03 15:53:00
U0450,C065,3,51,False,2025-03-20 07:59:00
U0162,C099,3,48,False,2024-09-23 14:16:00
U0154,C040,1,60,False,2024-06-20 07:42:00
U0464,C066,3,58,False,2024-10-14 00:33:00
U0118,C097,3,42,False,2025-01-17 07:25:00
U0002,C052,3,67,False,2024-10-19 17:52:00
U0009,C060,3,62,False,2024-06-27 15:37:00
U0110,C066,2,29,False,2024-10-26 03:54:00
U0121,C021,4,100,True,2024-12-17 17:46:00
U0169,C037,4,88,False,2024-06-08 21:27:00
U0041,C044,4,100,True,2025-02-01 00:06:00
U0067,C049,2,5,False,2024-10-11 05:42:00
U0150,C077,5,76,False,2024-08-22 13:13:00
U0374,C007,4,86,False,2024-10-26 09:34:00
U0355,C053,4,71,False,2024-07-10 04:55:00
U0063,C053,3,42,False,2024-06-02 07:04:00
U0399,C099,3,68,False,2024-10-17 05:07:00
U0392,C004,5,47,False,2025-02-12 17:29:00
U0262,C020,4,97,True,2024-10-21 02:22:00
U0404,C022,4,44,False,2024-12-16 06:34:00
U0484,C012,3,61,False,2024-07-15 02:10:00
U0075,C079,4,90,True,2025-03-01 06:30:00
U0474,C062,3,38,False,2024-11-27 00:21:00
U0437,C055,2,35,False,2025-01-08 03:51:00
U0263,C057,3,38,False,2024-12-24 06:10:00
U0098,C026,5,88,False,2025-03-28 23:44:00
U0035,C025,2,5,False,2024-09-25 21:59:00
U0468,C063,1,29,False,2025-03-13 14:24:00
U0165,C017,4,89,False,2024-06-22 01:28:00
U0097,C022,4,100,True,2024-06-09 21:59:00
U0191,C084,2,6,False,2024-06-04 10:55:00
U0305,C038,4,63,False,2024-08-09 15:31:00
U0284,C099,3,31,False,2024-11-22 03:39:00
U0416,C097,3,12,False,2024-11-10 07:19:00
U0275,C025,3,81,False,2024-10-29 01:54:00
U0055,C030,2,31,False,2024-08-10 22:16:00
U0418,C035,3,67,False,2024-10-22 10:54:00
U0211,C068,3,19,False,2025-02-27 11:04:00
U0256,C050,2,17,False,2024-12-26 00:01:00
U0146,C006,3,42,False,2024-08-10 16:38:00
U0307,C063,1,39,False,2024-12-03 03:06:00
U0500,C071,3,51,False,2024-11-10 03:11:00
U0119,C060,4,83,False,2025-03-09 17:58:00
U0440,C086,3,36,False,2025-03-23 22:34:00
U0153,C010,2,28,False,2024-10-31 03:57:00
U0207,C010,3,79,False,2024-06-21 09:58:00
U0450,C092,4,100,True,2024-11-18 08:47:00
U0027,C024,4,60,False,2024-06-03 03:57:00
U0245,C062,4,64,False,2024-12-25 17:06:00
U0136,C089,2,18,False,2024-10-05 02:21:00
U0087,C100,4,84,False,2025-03-19 22:55:00
U0421,C058,1,17,False,2025-02-16 07:26:00
U0003,C079,4,54,False,2024-10-18 18:50:00
U0097,C008,4,90,True,2024-07-01 13:13:00
U0314,C047,3,24,False,2025-02-26 09:22:00
U0070,C099,4,95,True,2024-12-28 18:18:00
U0138,C054,2,41,False,2025-01-02 08:41:00
U0310,C018,4,96,True,2024-12-25 18:12:00
U0383,C005,4,42,False,2025-03-23 05:52:00
U0329,C082,4,95,True,2024-10-06 04:45:00
U0021,C066,3,47,False,2024-06-24 23:04:00
U0351,C004,4,36,False,2024-10-20 03:36:00
U0055,C075,5,66,False,2024-08-13 04:46:00
U0332,C034,3,64,False,2024-12-06 10:26:00
U0106,C027,4,81,False,2024-10-03 15:31:00
U0486,C002,2,9,False,2024-10-08 00:27:00
U0238,C001,5,83,False,2025-01-21 16:18:00
U0105,C069,3,64,False,2024-10-26 04:18:00
U0144,C071,4,100,True,2025-01-29 16:04:00
U0301,C015,4,64,False,2024-09-23 14:12:00
U0353,C097,2,12,False,2025-01-31 12:17:00
U0083,C078,4,82,False,2024-08-08 00:49:00
U0121,C035,5,86,False,2024-09-21 17:32:00
U0329,C025,3,41,False,2024-07-27 08:46:00
U0190,C093,4,71,False,2024-07-21 08:55:00
U0338,C020,5,84,False,2024-12-24 00:04:00
U0291,C069,4,56,False,2024-07-25 07:57:00
U0145,C028,5,100,True,2025-03-12 19:36:00
U0410,C062,2,21,False,2024-09-02 20:31:00
U0271,C001,3,46,False,2024-11-15 22:49:00
U0284,C042,5,80,False,2024-06-01 15:12:00
U0096,C020,4,90,True,2025-01-04 08:44:00
U0290,C034,3,20,False,2024-12-12 15:39:00
U0101,C030,3,55,False,2024-11-14 01:54:00
U0173,C028,3,71,False,2025-02-28 10:31:00
U0117,C079,4,92,True,2024-06-09 22:04:00
U0053,C025,4,89,False,2024-09-27 13:55:00
U0023,C044,3,96,True,2025-03-01 23:04:00
U0053,C058,3,97,True,2025-01-12 22:08:00
U0114,C011,5,93,True,2024-09-20 11:06:00
U0210,C085,4,91,True,2025-01-17 06:05:00
U0175,C063,3,43,False,2024-07-31 02:51:00
U0275,C097,3,11,False,2024-10-02 01:30:00
U0353,C051,4,70,False,2024-06-04 15:52:00
U0111,C005,3,30,False,2024-11-17 03:05:00
U0258,C070,4,83,False,2025-03-22 08:00:00
U0219,C060,5,98,True,2024-11-30 14:35:00
U0357,C042,4,64,False,2025-03-20 00:42:00
U0141,C041,3,90,True,2024-09-28 23:02:00
U0376,C014,4,100,True,2024-09-10 04:18:00
U0236,C079,4,91,True,2024-09-24 19:08:00
U0428,C083,4,61,False,2024-07-03 05:30:00
U0018,C057,4,61,False,2024-07-26 02:48:00
U0081,C005,3,67,False,2024-12-30 03:27:00
U0118,C006,3,66,False,2024-10-15 22:33:00
U0366,C062,3,77,False,2025-02-27 18:57:00
U0493,C017,2,16,False,2024-11-16 14:10:00
U0425,C097,1,16,False,2025-02-28 21:36:00
U0111,C041,4,67,False,2025-01-04 05:39:00
U0429,C099,5,77,False,2024-10-21 10:16:00
U0311,C094,3,59,False,2024-06-11 06:25:00
U0152,C085,4,100,True,2025-01-25 02:55:00
U0298,C009,4,84,False,2024-06-28 07:47:00
U0359,C098,4,77,False,2024-07-28 17:30:00
U0203,C070,5,75,False,2025-03-25 22:47:00
U0419,C037,3,57,False,2024-09-01 17:56:00
U0119,C025,2,27,False,2024-10-02 01:32:00
U0440,C055,4,73,False,2024-10-02 17:35:00
U0043,C088,3,16,False,2024-07-18 08:16:00
U0171,C072,3,44,False,2024-06-23 13:31:00
U0436,C067,1,26,False,2024-08-11 07:44:00
U0370,C053,4,54,False,2024-11-12 14:10:00
U0016,C001,4,92,True,2024-06-14 21:44:00
U0013,C069,2,55,False,2024-06-16 02:20:00
U0085,C063,3,46,False,2025-03-27 02:05:00
U0353,C017,4,100,True,2025-01-11 17:41:00
U0191,C090,3,37,False,2024-06-14 23:09:00
U0181,C018,5,95,True,2025-02-14 20:18:00
U0386,C006,3,72,False,2024-07-14 17:52:00
U0277,C062,4,100,True,2025-02-23 02:09:00
U0090,C092,4,100,True,2024-10-26 16:39:00
U0404,C055,5,87,False,2025-01-27 01:32:00
U0223,C002,5,89,False,2024-06-26 00:42:00
U0134,C049,3,49,False,2024-12-11 11:40:00
U0175,C054,3,76,False,2025-02-20 08:33:00
U0077,C089,4,72,False,2024-08-02 07:26:00
U0262,C016,3,65,False,2024-12-07 21:03:00
U0188,C036,4,82,False,2025-03-23 12:46:00
U0022,C091,3,89,False,2025-01-27 01:26:00
U0107,C089,3,81,False,2025-03-13 14:39:00
U0009,C100,3,80,False,2025-02-25 05:08:00
U0034,C004,3,52,False,2024-08-02 12:16:00
U0469,C031,4,72,False,2024-10-12 20:46:00
U0133,C074,5,82,False,2024-08-30 17:30:00
U0256,C005,1,15,False,2024-10-06 16:12:00
U0194,C040,3,54,False,2024-09-05 16:41:00
U0033,C018,4,81,False,2024-08-19 21:04:00
U0073,C060,4,66,False,2024-10-30 23:10:00
U0268,C040,4,91,True,2024-12-26 09:10:00
U0011,C054,3,56,False,2024-08-06 11:46:00
U0372,C001,3,59,False,2025-01-07 06:06:00
U0159,C017,2,28,False,2024-10-07 02:29:00
U0448,C085,3,61,False,2024-10-28 20:24:00
U0081,C045,3,76,False,2024-12-09 09:55:00
U0448,C086,5,67,False,2024-09-26 23:43:00
U0189,C042,4,69,False,2024-10-29 06:55:00
U0467,C025,2,31,False,2024-07-14 15:24:00
U0158,C049,3,62,False,2024-10-27 16:36:00
U0492,C036,4,67,False,2025-02-14 00:49:00
U0116,C025,3,30,False,2024-12-06 07:35:00
U0426,C010,4,68,False,2024-11-17 23:08:00
U0239,C024,5,100,True,2024-11-22 01:18:00
U0123,C074,3,25,False,2024-09-15 11:12:00
U0425,C049,4,71,False,2024-11-09 22:07:00
U0203,C049,2,37,False,2024-08-12 03:05:00
U0049,C025,5,71,False,2025-01-19 16:29:00
U0370,C097,1,42,False,2024-08-03 17:03:00
U0311,C005,3,68,False,2024-10-02 18:05:00
U0324,C056,4,76,False,2024-09-19 04:25:00
U0330,C074,4,74,False,2024-06-21 13:54:00
U0018,C053,3,26,False,2024-07-13 19:48:00
U0259,C041,5,92,True,2024-12-17 03:29:00
U0492,C064,3,42,False,2025-03-10 23:55:00
U0269,C025,3,63,False,2024-06-06 05:13:00
U0421,C002,4,66,False,2025-03-28 03:21:00
U0399,C088,4,56,False,2024-08-05 19:33:00
U0171,C092,4,93,True,2024-10-14 23:18:00
U0422,C025,1,5,False,2024-08-01 23:58:00
U0213,C069,4,77,False,2024-09-18 12:23:00
U0313,C097,4,51,False,2024-08-08 01:04:00
U0160,C014,3,47,False,2025-02-25 20:49:00
U0295,C085,5,65,False,2024-10-28 07:14:00
U0430,C063,3,85,False,2024-12-26 06:10:00
U0418,C090,1,54,False,2024-09-19 19:38:00
U0259,C036,4,68,False,2025-01-18 08:21:00
U0173,C023,4,97,True,2024-10-09 01:44:00
U0382,C085,2,24,False,2024-10-29 04:33:00
U0275,C053,4,90,True,2024-12-05 20:01:00
U0399,C025,1,22,False,2024-09-30 15:59:00
U0203,C013,3,45,False,2025-02-21 22:06:00
U0219,C012,2,8,False,2024-06-10 01:12:00
U0448,C025,3,74,False,2025-02-22 06:23:00
U0200,C020,5,88,False,2024-07-16 00:24:00
U0079,C023,5,61,False,2024-11-12 23:13:00
U0052,C005,4,70,False,2024-09-20 08:57:00
U0175,C057,4,81,False,2025-01-07 16:35:00
U0094,C042,3,28,False,2025-02-04 20:54:00
U0330,C025,2,20,False,2024-09-16 16:53:00
U0136,C081,5,80,False,2024-07-30 07:19:00
U0459,C057,3,5,False,2025-01-16 06:21:00
U0153,C059,4,91,True,2025-02-26 04:26:00
U0024,C026,2,23,False,2024-08-03 01:06:00
U0342,C012,4,94,True,2024-06-25 16:23:00
U0290,C033,3,37,False,2024-10-27 09:36:00
U0094,C081,3,47,False,2025-01-18 08:37:00
U0414,C099,4,42,False,2025-03-21 19:40:00
U0216,C091,4,44,False,2025-03-21 12:55:00
U0400,C009,4,63,False,2025-01-20 02:56:00
U0268,C048,5,64,False,2024-12-05 18:24:00
U0327,C068,2,32,False,2024-10-06 04:21:00
U0290,C031,4,89,False,2025-02-12 09:36:00
U0317,C057,1,12,False,2024-09-08 05:56:00
U0098,C057,4,64,False,2024-09-23 09:49:00
U0073,C056,3,10,False,2025-01-07 12:36:00
U0287,C025,3,60,False,2024-06-29 13:39:00
U0243,C034,3,33,False,2025-01-21 13:57:00
U0016,C006,4,65,False,2024-09-19 09:35:00
U0483,C069,3,61,False,2024-09-25 16:38:00
U0113,C082,3,57,False,2024-12-03 20:15:00
U0461,C097,5,85,False,2024-08-10 21:57:00
U0288,C085,2,36,False,2024-10-24 00:57:00
U0177,C010,5,68,False,2024-07-31 04:57:00
U0175,C056,4,73,False,2024-08-15 12:37:00
U0391,C010,3,63,False,2025-01-09 21:17:00
U0048,C097,1,25,False,2024-12-13 18:24:00
U0177,C023,4,82,False,2024-09-19 00:35:00
U0247,C069,3,67,False,2024-07-21 21:53:00
U0352,C017,2,35,False,2024-09-06 16:20:00
U0293,C038,5,75,False,2024-10-07 06:49:00
U0137,C045,4,100,True,2024-10-02 18:50:00
U0396,C039,4,86,False,2024-10-18 20:57:00
U0427,C021,2,7,False,2025-01-31 07:00:00
U0004,C093,3,43,False,2025-01-09 19:25:00
U0465,C017,4,78,False,2024-07-03 01:07:00
U0427,C010,4,96,True,2024-12-16 16:12:00
U0039,C047,2,39,False,2024-11-19 00:03:00
U0485,C077,3,72,False,2024-06-29 19:41:00
U0143,C031,4,80,False,2024-07-08 23:20:00
U0028,C095,4,98,True,2024-08-30 20:33:00
U0101,C062,3,33,False,2025-01-13 20:26:00
U0322,C076,4,100,True,2024-09-21 20:17:00
U0139,C036,3,99,True,2025-01-12 14:38:00
U0145,C022,4,94,True,2025-01-16 04:46:00
U0207,C088,2,44,False,2024-12-28 21:08:00
U0306,C091,3,26,False,2025-03-12 02:47:00
U0447,C096,3,67,False,2024-12-14 01:10:00
U0290,C080,5,81,False,2024-07-05 08:01:00
U0204,C025,1,35,False,2025-03-01 08:04:00
U0497,C004,4,76,False,2025-01-19 07:05:00
U0480,C016,3,45,False,2024-12-01 22:59:00
U0088,C076,3,73,False,2024-07-26 14:34:00
U0475,C001,3,91,True,2024-09-13 05:43:00
U0053,C026,4,71,False,2024-06-01 12:07:00
U0113,C005,3,51,False,2024-09-30 16:42:00
U0163,C036,4,81,False,2025-03-07 18:22:00
U0193,C027,3,80,False,2025-01-16 02:57:00
U0342,C030,3,40,False,2024-10-14 18:03:00
U0372,C048,5,92,True,2025-03-24 10:03:00
U0073,C025,1,21,False,2024-10-29 16:02:00
U0499,C041,1,53,False,2025-01-07 08:18:00
U0350,C047,5,71,False,2024-12-21 15:34:00
U0056,C067,2,35,False,2025-01-24 23:50:00
U0256,C046,5,100,True,2024-09-04 02:00:00
U0427,C036,4,45,False,2025-02-07 18:34:00
U0424,C007,3,46,False,2024-10-12 16:59:00
U0499,C039,3,51,False,2025-03-07 10:47:00
U0425,C050,5,99,True,2025-01-11 07:48:00
U0219,C097,5,59,False,2024-09-27 17:15:00
U0449,C039,4,86,False,2024-08-30 17:43:00
U0164,C062,3,28,False,2024-09-26 18:48:00
U0231,C056,2,23,False,2024-06-12 15:50:00
U0360,C054,4,99,True,2025-01-06 12:43:00
U0475,C013,4,79,False,2025-01-19 15:44:00
U0032,C066,4,100,True,2024-09-29 12:33:00
U0400,C025,1,15,False,2024-06-08 11:48:00
U0002,C053,3,71,False,2024-07-14 21:53:00
U0168,C053,4,60,False,2024-12-19 21:55:00
U0338,C071,4,58,False,2025-03-04 14:59:00
U0054,C093,4,67,False,2025-03-19 04:46:00
U0038,C032,3,65,False,2024-07-08 18:08:00
U0168,C085,4,100,True,2024-06-21 17:37:00
U0274,C099,4,64,False,2024-10-16 07:27:00
U0320,C075,4,70,False,2025-03-07 00:10:00
U0065,C097,1,29,False,2024-06-20 10:51:00
U0355,C068,1,47,False,2025-03-05 13:46:00
U0307,C097,2,33,False,2024-10-07 16:18:00
U0332,C080,4,55,False,2024-11-20 23:39:00
U0263,C013,4,67,False,2024-07-14 09:22:00
U0232,C069,3,21,False,2025-01-21 01:44:00
U0336,C042,4,64,False,2024-08-31 07:57:00
U0279,C017,2,19,False,2025-01-31 06:34:00
U0394,C025,3,48,False,2024-09-04 00:59:00
U0316,C085,3,49,False,2024-07-10 19:04:00
U0369,C040,4,87,False,2025-02-09 19:34:00
U0253,C045,2,23,False,2025-03-22 13:32:00
U0255,C062,2,13,False,2024-08-18 04:20:00
U0384,C095,3,43,False,2024-11-10 21:33:00
U0001,C016,4,91,True,2024-09-30 11:03:00
U0340,C025,2,39,False,2024-12-02 12:24:00
U0373,C062,3,42,False,2025-01-20 18:02:00
U0144,C028,4,62,False,2024-08-30 23:21:00
U0094,C025,2,26,False,2024-12-19 14:37:00
U0424,C011,3,52,False,2024-10-29 05:40:00
U0127,C019,5,63,False,2025-02-28 23:36:00
U0434,C063,3,47,False,2024-09-22 06:34:00
U0492,C008,2,17,False,2025-03-21 03:21:00
U0208,C016,4,70,False,2024-11-15 05:34:00
U0390,C036,4,75,False,2024-08-31 10:24:00
U0086,C028,5,84,False,2024-08-27 12:37:00
U0114,C040,5,66,False,2024-12-07 03:14:00
U0441,C090,3,70,False,2025-02-14 03:35:00
U0364,C036,2,36,False,2024-06-14 20:31:00
U0266,C093,4,65,False,2025-03-14 10:01:00
U0313,C092,3,57,False,2024-10-26 08:14:00
U0004,C100,5,76,False,2024-08-01 21:57:00
U0039,C010,5,86,False,2024-07-28 15:38:00
U0248,C043,4,98,True,2025-02-23 22:21:00
U0298,C003,4,68,False,2024-07-15 11:13:00
U0151,C031,2,11,False,2024-11-15 06:06:00
U0111,C064,4,59,False,2024-12-05 19:56:00
U0110,C097,1,51,False,2025-01-30 23:54:00
U0487,C014,3,67,False,2025-01-05 14:54:00
U0163,C040,4,83,False,2024-10-15 04:44:00
U0443,C034,4,69,False,2024-10-24 02:02:00
U0398,C058,5,56,False,2024-12-14 19:33:00
U0486,C068,2,20,False,2025-02-24 15:35:00
U0068,C010,3,100,True,2024-06-04 08:23:00
U0067,C079,4,100,True,2025-02-25 17:54:00
U0393,C051,2,5,False,2024-08-10 10:35:00
U0415,C005,2,37,False,2025-01-06 13:03:00
U0490,C078,5,84,False,2025-02-15 13:50:00
U0387,C055,3,54,False,2024-10-22 09:55:00
U0262,C015,4,67,False,2025-03-05 20:21:00
U0376,C054,4,86,False,2024-11-10 22:53:00
U0315,C093,5,98,True,2024-08-05 09:39:00
U0467,C036,3,71,False,2025-01-06 10:01:00
U0070,C068,2,17,False,2024-06-04 01:02:00
U0080,C025,4,39,False,2024-12-08 20:14:00
U0301,C014,2,22,False,2024-07-08 07:08:00
U0330,C005,1,48,False,2024-07-30 10:55:00
U0163,C011,4,73,False,2024-11-13 10:30:00
U0018,C058,4,86,False,2025-03-12 23:11:00
U0350,C060,3,54,False,2024-10-24 16:33:00
U0316,C098,3,68,False,2025-02-07 04:31:00
U0494,C038,3,77,False,2024-09-22 13:28:00
U0461,C078,4,100,True,2024-10-28 20:26:00
U0077,C081,5,74,False,2024-08-06 11:54:00
U0264,C045,3,69,False,2024-08-25 11:18:00
U0108,C045,3,65,False,2024-07-06 16:13:00
U0413,C053,3,28,False,2025-03-06 03:47:00
U0069,C013,5,72,False,2024-08-04 06:38:00
U0379,C016,3,59,False,2025-02-22 07:26:00
U0135,C007,3,35,False,2025-03-11 14:22:00
U0013,C056,3,55,False,2024-12-24 16:45:00
U0403,C086,4,73,False,2025-02-01 14:20:00
U0134,C010,2,5,False,2024-12-03 17:40:00
U0137,C073,5,81,False,2024-08-19 18:02:00
U0167,C013,5,76,False,2025-02-17 21:47:00
U0368,C018,2,6,False,2025-01-27 05:04:00
U0235,C013,4,100,True,2025-01-13 22:46:00
U0112,C028,2,15,False,2025-03-26 05:53:00
U0475,C006,2,51,False,2024-08-28 04:36:00
U0490,C080,3,56,False,2024-09-18 23:26:00
U0452,C014,4,86,False,2025-01-05 10:42:00
U0438,C035,4,54,False,2024-09-29 17:35:00
U0167,C083,3,58,False,2024-10-04 18:54:00
U0458,C076,3,59,False,2025-03-12 09:17:00
U0214,C098,4,94,True,2025-02-08 07:10:00
U0414,C036,3,98,True,2024-06-11 18:21:00
U0134,C090,4,89,False,2025-03-23 15:39:00
U0367,C097,4,100,True,2024-09-01 14:38:00
U0423,C041,4,55,False,2025-03-26 14:00:00
U0036,C032,3,12,False,2024-10-05 21:57:00
U0467,C038,3,52,False,2024-09-18 15:45:00
U0459,C005,3,84,False,2024-08-10 18:35:00
U0485,C074,4,62,False,2024-10-03 04:09:00
U0015,C025,2,13,False,2024-07-21 04:50:00
U0187,C011,3,47,False,2025-03-08 06:11:00
U0020,C013,2,27,False,2024-10-14 17:31:00
U0311,C090,2,24,False,2025-01-25 16:32:00
U0260,C062,1,16,False,2025-01-11 11:43:00
U0108,C064,4,62,False,2024-12-08 21:32:00
U0183,C078,3,48,False,2024-12-19 01:51:00
U0429,C067,5,83,False,2024-06-21 06:01:00
U0143,C010,4,96,True,2024-09-29 12:41:00
U0042,C010,2,52,False,2025-03-21 10:07:00
U0236,C061,3,85,False,2024-09-16 23:36:00
U0048,C025,4,78,False,2025-03-23 05:49:00
U0475,C097,4,70,False,2025-03-28 23:22:00
U0340,C020,4,39,False,2024-09-10 15:17:00
U0335,C025,2,5,False,2025-02-17 06:03:00
U0314,C011,3,69,False,2024-06-03 18:26:00
U0256,C044,4,70,False,2024-08-14 12:03:00
U0325,C015,4,81,False,2024-07-30 06:10:00
U0061,C001,4,78,False,2025-01-22 13:29:00
U0386,C002,4,84,False,2024-07-29 19:49:00
U0382,C054,3,58,False,2024-07-28 12:25:00
U0339,C049,2,16,False,2025-02-26 14:59:00
U0128,C040,3,60,False,2024-09-18 01:18:00
U0293,C065,4,79,False,2024-11-20 06:34:00
U0007,C050,4,82,False,2024-11-02 16:06:00
U0077,C011,3,19,False,2024-10-23 05:06:00
U0047,C079,3,35,False,2024-12-20 20:33:00
U0168,C011,3,58,False,2024-08-16 19:18:00
U0193,C087,3,43,False,2024-09-08 22:54:00
U0188,C063,4,96,True,2024-11-27 23:24:00
U0430,C025,3,70,False,2024-06-01 06:45:00
U0342,C043,4,97,True,2024-08-05 22:37:00
U0255,C036,2,7,False,2024-07-20 07:29:00
U0061,C007,3,55,False,2025-01-04 11:35:00
U0168,C083,5,75,False,2024-11-05 04:13:00
U0434,C053,5,100,True,2024-08-19 00:09:00
U0247,C097,4,74,False,2025-01-03 03:23:00
U0286,C014,4,100,True,2024-08-25 19:39:00
U0032,C074,3,46,False,2024-07-14 13:27:00
U0117,C075,4,95,True,2025-02-27 20:57:00
U0055,C029,4,94,True,2024-08-21 21:40:00
U0329,C083,5,88,False,2024-10-25 01:15:00
U0031,C030,3,88,False,2024-12-03 12:31:00
U0289,C049,2,42,False,2025-01-18 11:27:00
U0458,C028,3,40,False,2024-07-04 11:28:00
U0303,C043,2,5,False,2024-12-08 09:27:00
U0432,C048,3,58,False,2024-10-07 15:53:00
U0237,C014,5,87,False,2024-06-23 17:03:00
U0394,C047,3,62,False,2024-08-02 01:13:00
U0014,C097,4,84,False,2024-12-29 17:14:00
U0052,C009,5,64,False,2024-07-17 15:10:00
U0217,C078,2,19,False,2024-06-07 16:06:00
U0416,C030,2,13,False,2024-12-05 14:06:00
U0499,C002,4,73,False,2025-01-24 02:12:00
U0053,C055,4,72,False,2024-09-26 10:05:00
U0497,C005,3,34,False,2024-12-02 16:17:00
U0252,C066,4,77,False,2024-12-23 05:07:00
U0361,C071,4,84,False,2025-03-17 13:11:00
U0179,C094,4,57,False,2024-11-29 14:27:00
U0361,C075,5,78,False,2025-02-10 00:13:00
U0062,C021,4,100,True,2024-09-10 21:51:00
U0447,C064,4,77,False,2024-12-24 05:52:00
U0415,C070,4,100,True,2025-01-12 08:53:00
U0224,C025,5,84,False,2025-01-10 04:05:00
U0181,C084,5,70,False,2024-10-02 04:44:00
U0438,C031,4,80,False,2024-06-30 08:25:00
U0013,C041,4,67,False,2024-07-30 01:28:00
U0302,C075,4,60,False,2024-08-03 08:02:00
U0011,C091,4,77,False,2024-10-13 18:15:00
U0279,C099,2,19,False,2025-03-10 02:52:00
U0367,C083,4,59,False,2024-10-17 18:00:00
U0162,C073,2,35,False,2024-07-04 10:50:00
U0089,C080,3,69,False,2025-02-12 01:51:00
U0302,C097,5,97,True,2025-02-10 12:50:00
U0311,C026,2,14,False,2024-09-23 20:04:00
U0102,C048,4,88,False,2024-08-01 13:24:00
U0309,C049,5,66,False,2024-07-23 13:58:00
U0196,C058,2,43,False,2024-08-16 06:31:00
U0147,C025,4,54,False,2025-02-04 15:36:00
U0137,C046,2,5,False,2024-11-13 13:11:00
U0496,C079,3,68,False,2024-10-27 18:36:00
U0467,C100,3,28,False,2025-01-15 00:04:00
U0365,C021,2,42,False,2024-10-14 05:56:00
U0221,C041,1,27,False,2024-08-11 00:13:00
U0420,C011,3,75,False,2024-08-27 03:05:00
U0339,C002,3,53,False,2024-10-11 03:54:00
U0477,C049,5,100,True,2025-03-07 02:15:00
U0190,C095,3,66,False,2025-03-20 16:38:00
U0259,C024,4,63,False,2025-03-27 14:57:00
U0076,C018,3,46,False,2024-07-13 14:01:00
U0375,C011,4,100,True,2025-02-13 20:37:00
U0016,C011,3,31,False,2024-07-07 17:59:00
U0205,C025,1,36,False,2024-11-03 17:08:00
U0083,C010,2,16,False,2025-01-18 11:33:00
U0263,C036,3,71,False,2024-09-28 18:28:00
U0498,C069,4,75,False,2024-06-06 17:11:00
U0032,C058,3,64,False,2024-10-11 17:02:00
U0215,C066,5,65,False,2024-07-18 05:53:00
U0154,C016,3,39,False,2024-07-14 05:32:00
U0457,C087,4,54,False,2024-10-17 05:38:00
U0078,C053,4,100,True,2025-03-24 21:59:00
U0435,C004,4,75,False,2024-10-15 01:37:00
U0182,C024,3,72,False,2024-10-11 02:50:00
U0298,C053,3,91,True,2025-01-05 01:31:00
U0091,C019,5,83,False,2025-03-13 07:21:00
U0371,C034,4,95,True,2025-01-22 18:51:00
U0440,C025,2,35,False,2024-12-21 05:18:00
U0328,C080,4,75,False,2025-01-02 22:40:00
U0193,C028,3,45,False,2024-10-14 19:27:00
U0014,C077,3,37,False,2024-11-07 04:04:00
U0228,C058,4,68,False,2024-11-21 03:24:00
U0073,C043,3,22,False,2025-03-24 07:52:00
U0323,C068,4,79,False,2025-03-07 04:00:00
U0258,C030,4,100,True,2024-09-22 08:34:00
U0205,C047,2,5,False,2024-09-25 19:02:00
U0451,C019,4,69,False,2024-12-20 15:09:00
U0386,C020,3,55,False,2025-03-22 02:27:00
U0012,C043,4,67,False,2024-07-16 09:04:00
U0110,C012,3,44,False,2024-07-28 18:57:00
U0388,C097,3,65,False,2024-10-06 11:42:00
U0387,C025,3,25,False,2024-08-23 06:45:00
U0209,C094,4,80,False,2025-01-30 23:26:00
U0458,C073,4,73,False,2024-10-06 01:58:00
U0131,C097,3,60,False,2024-07-19 12:21:00
U0400,C030,2,14,False,2024-06-12 05:23:00
U0465,C025,1,45,False,2024-11-02 15:09:00
U0135,C004,3,78,False,2025-01-06 10:41:00
U0404,C056,3,71,False,2024-07-03 15:48:00
U0380,C080,4,100,True,2024-07-04 16:08:00
U0294,C047,5,79,False,2024-06-22 17:34:00
U0490,C010,3,61,False,2024-06-02 12:29:00
U0427,C037,3,89,False,2024-10-18 02:28:00
U0139,C068,3,49,False,2024-07-24 07:53:00
U0321,C009,3,55,False,2025-03-07 13:39:00
U0340,C018,5,77,False,2025-03-25 12:44:00
U0317,C030,4,54,False,2025-02-15 12:36:00
U0160,C013,3,78,False,2024-11-15 10:37:00
U0134,C074,2,5,False,2024-06-26 03:07:00
U0315,C099,3,74,False,2024-09-01 01:54:00
U0352,C063,3,87,False,2024-12-02 07:44:00
U0180,C066,5,51,False,2024-07-11 13:43:00
U0373,C067,3,50,False,2025-03-03 17:51:00
U0203,C061,5,60,False,2024-10-06 13:45:00
U0332,C077,3,22,False,2025-03-24 08:20:00
U0191,C083,3,29,False,2025-02-04 00:03:00
U0013,C059,5,70,False,2024-11-02 04:19:00
U0272,C049,5,81,False,2024-10-07 05:03:00
U0193,C029,4,71,False,2025-03-13 19:27:00
U0221,C052,3,66,False,2024-11-15 13:16:00
U0162,C052,4,81,False,2025-02-06 14:21:00
U0276,C063,3,53,False,2025-03-20 14:50:00
U0488,C091,4,92,True,2024-09-22 06:50:00
U0260,C005,3,94,True,2024-06-15 13:08:00
U0190,C063,5,97,True,2024-12-13 04:54:00
U0325,C044,5,80,False,2024-11-20 22:18:00
U0028,C091,4,95,True,2024-11-19 19:38:00
U0178,C091,5,50,False,2024-06-05 22:59:00
U0061,C010,3,81,False,2024-09-01 14:27:00
U0494,C097,3,38,False,2025-01-29 09:25:00
U0069,C002,2,14,False,2024-07-05 12:01:00
U0054,C029,3,43,False,2024-07-22 02:23:00
U0467,C056,2,24,False,2025-02-13 08:34:00
U0409,C037,4,71,False,2024-07-01 00:48:00
U0464,C068,4,96,True,2024-06-08 03:30:00
U0302,C073,3,49,False,2025-02-02 22:31:00
U0287,C052,4,72,False,2024-08-28 18:38:00
U0452,C099,2,24,False,2025-01-14 00:59:00
U0368,C047,3,38,False,2024-08-24 20:51:00
U0271,C094,3,57,False,2025-02-01 10:14:00
U0221,C079,4,87,False,2024-12-15 17:03:00
U0326,C045,4,81,False,2025-02-19 05:19:00
U0066,C086,4,100,True,2024-09-28 16:20:00
U0450,C096,5,100,True,2024-10-16 01:02:00
U0347,C062,3,55,False,2024-10-09 09:41:00
U0189,C070,4,90,True,2024-11-21 23:09:00
U0446,C042,3,63,False,2024-07-28 04:12:00
U0079,C010,5,39,False,2025-01-16 09:49:00
U0375,C085,5,55,False,2024-07-14 14:28:00
U0462,C053,3,46,False,2024-09-14 07:42:00
U0151,C092,3,61,False,2024-08-25 15:10:00
U0016,C087,5,100,True,2025-03-12 17:24:00
U0351,C002,4,83,False,2025-01-30 11:45:00
U0007,C024,3,44,False,2024-07-05 19:50:00
U0199,C063,4,98,True,2024-06-22 08:21:00
U0366,C032,2,11,False,2024-12-15 19:50:00
U0118,C058,2,13,False,2025-02-13 04:17:00
U0320,C090,3,63,False,2024-11-17 07:56:00
U0157,C027,4,86,False,2025-02-19 02:45:00
U0259,C025,2,33,False,2025-01-04 11:11:00
U0143,C040,2,36,False,2024-12-02 08:16:00
U0219,C028,5,59,False,2024-09-16 17:56:00
U0186,C086,4,95,True,2024-09-20 14:45:00
U0329,C085,3,68,False,2024-11-12 07:41:00
U0234,C049,2,24,False,2025-02-18 21:16:00
U0412,C010,5,90,True,2025-01-04 18:33:00
U0264,C057,4,100,True,2024-07-02 09:20:00
U0415,C060,2,34,False,2025-03-04 23:24:00
U0364,C035,4,68,False,2024-08-07 06:53:00
U0286,C098,2,34,False,2025-01-17 05:33:00
U0121,C007,4,100,True,2024-08-17 03:41:00
U0338,C011,5,68,False,2024-12-18 05:56:00
U0291,C036,5,100,True,2025-02-20 16:59:00
U0026,C053,3,51,False,2025-03-13 06:10:00
U0075,C072,4,98,True,2024-06-08 05:14:00
U0009,C084,3,32,False,2024-12-15 14:27:00
U0195,C022,2,21,False,2025-02-16 20:38:00
U0344,C049,3,72,False,2025-02-02 22:24:00
U0063,C023,3,88,False,2024-10-30 06:23:00
U0197,C062,1,9,False,2024-10-26 01:58:00
U0149,C054,5,79,False,2024-10-03 20:05:00
U0302,C032,3,26,False,2025-02-03 08:26:00
U0401,C010,3,72,False,2025-03-09 20:08:00
U0100,C077,4,96,True,2024-11-09 21:50:00
U0051,C064,4,51,False,2024-06-09 14:53:00
U0385,C056,5,49,False,2024-06-02 11:52:00
U0418,C061,2,11,False,2024-12-12 14:53:00
U0039,C089,3,82,False,2024-06-24 13:27:00
U0498,C086,4,74,False,2024-12-17 13:17:00
U0048,C063,3,68,False,2024-12-07 09:55:00
U0045,C011,2,5,False,2024-09-24 09:00:00
U0052,C049,4,74,False,2024-10-16 19:30:00
U0189,C054,3,67,False,2024-09-08 13:26:00
U0281,C058,4,99,True,2024-08-12 12:34:00
U0372,C090,4,77,False,2024-12-25 05:24:00
U0311,C011,4,81,False,2025-02-26 07:34:00
U0222,C077,3,65,False,2025-03-17 03:30:00
U0271,C021,3,65,False,2025-02-04 19:04:00
U0187,C020,4,42,False,2025-01-06 05:23:00
U0233,C045,3,21,False,2025-03-19 14:57:00
U0194,C010,4,87,False,2024-09-30 04:01:00
U0483,C058,4,40,False,2024-12-01 14:54:00
U0494,C020,5,68,False,2025-03-14 05:24:00
U0008,C082,4,91,True,2025-03-11 00:48:00
U0484,C069,2,8,False,2025-03-20 11:59:00
U0072,C046,4,68,False,2025-01-23 11:21:00
U0236,C069,3,46,False,2024-07-17 21:47:00
U0075,C080,4,79,False,2024-12-24 04:27:00
U0172,C013,3,94,True,2025-01-17 01:51:00
U0363,C010,5,78,False,2024-10-14 23:46:00
U0188,C035,5,80,False,2024-07-24 17:22:00
U0427,C025,4,51,False,2024-11-11 13:49:00
U0259,C087,3,76,False,2024-08-12 04:54:00
U0446,C041,3,63,False,2025-03-22 00:46:00
U0026,C043,3,46,False,2024-09-21 22:57:00
U0143,C082,3,36,False,2025-01-27 05:32:00
U0313,C038,5,100,True,2024-06-03 01:05:00
U0070,C044,2,5,False,2024-07-08 12:59:00
U0278,C057,5,73,False,2024-12-09 00:30:00
U0034,C083,4,92,True,2025-03-15 20:44:00
U0047,C076,5,57,False,2024-06-01 19:11:00
U0433,C007,4,80,False,2024-07-15 10:11:00
U0023,C021,3,88,False,2024-09-25 14:03:00
U0421,C013,4,68,False,2024-06-23 01:29:00
U0037,C053,3,78,False,2024-11-08 21:00:00
U0003,C048,1,50,False,2024-10-10 22:53:00
U0335,C063,5,81,False,2025-03-21 09:35:00
U0365,C010,2,8,False,2024-09-25 20:09:00
U0409,C038,2,5,False,2024-12-29 18:35:00
U0177,C029,5,100,True,2024-10-21 15:49:00
U0060,C016,3,54,False,2025-02-19 04:30:00
U0416,C027,4,79,False,2024-07-07 01:16:00
U0171,C083,4,89,False,2025-03-15 21:39:00
U0207,C006,3,88,False,2024-07-06 14:57:00
U0152,C074,4,90,True,2025-01-11 08:33:00
U0124,C010,4,78,False,2025-01-02 16:03:00
U0208,C083,2,29,False,2025-03-07 13:02:00
U0302,C093,3,35,False,2024-10-07 09:59:00
U0278,C096,4,73,False,2024-11-03 05:20:00
U0208,C005,3,47,False,2025-03-04 01:21:00
U0172,C087,3,41,False,2025-01-14 08:45:00
U0026,C045,4,100,True,2024-11-19 11:05:00
U0187,C004,1,5,False,2024-08-21 06:36:00
U0094,C010,4,95,True,2024-06-05 19:02:00
U0277,C069,4,100,True,2024-11-14 03:02:00
U0253,C050,4,89,False,2024-06-15 21:38:00
U0053,C057,4,79,False,2024-07-22 02:06:00
U0237,C010,5,80,False,2024-12-16 03:38:00
U0352,C091,4,100,True,2024-10-30 22:28:00
U0350,C052,4,70,False,2024-08-26 20:01:00
U0190,C025,4,81,False,2024-11-09 08:44:00
U0001,C088,4,100,True,2024-08-09 05:28:00
U0462,C089,4,75,False,2024-11-30 01:00:00
U0081,C097,4,76,False,2024-06-26 02:20:00
U0057,C052,5,69,False,2024-11-25 20:43:00
U0352,C095,3,53,False,2024-11-21 01:28:00
U0052,C097,4,75,False,2024-09-06 04:29:00
U0305,C063,4,79,False,2024-12-05 20:01:00
U0025,C036,4,65,False,2024-10-26 21:39:00
U0111,C068,5,64,False,2024-06-07 06:44:00
U0143,C002,5,95,True,2024-09-18 13:02:00
U0260,C085,4,79,False,2024-10-24 02:04:00
U0278,C100,1,15,False,2024-07-19 07:41:00
U0173,C013,3,53,False,2024-08-29 17:22:00
U0178,C062,2,9,False,2024-10-03 11:43:00
U0291,C032,3,77,False,2024-12-03 12:04:00
U0018,C072,3,44,False,2025-03-19 18:00:00
U0330,C080,3,61,False,2025-01-06 17:03:00
U0038,C089,4,34,False,2025-01-31 08:02:00
U0399,C078,5,100,True,2025-02-01 16:17:00
U0356,C034,3,35,False,2024-09-08 18:54:00
U0148,C056,3,39,False,2024-09-24 00:00:00
U0202,C027,4,50,False,2024-08-20 10:20:00
U0005,C063,3,85,False,2024-06-06 02:31:00
U0109,C069,1,10,False,2024-11-08 08:08:00
U0461,C075,3,55,False,2024-07-25 14:34:00
U0131,C022,4,68,False,2024-09-04 21:36:00
U0360,C097,2,28,False,2024-09-21 07:19:00
U0170,C088,3,84,False,2024-07-06 00:47:00
U0404,C013,3,79,False,2025-01-02 21:02:00
U0060,C046,5,100,True,2025-01-14 07:50:00
U0070,C001,4,81,False,2024-10-23 21:21:00
U0491,C097,3,61,False,2025-01-20 10:48:00
U0285,C010,3,20,False,2025-03-06 14:20:00
U0439,C016,4,98,True,2024-07-15 05:37:00
U0160,C012,3,63,False,2024-09-27 07:26:00
U0344,C024,2,32,False,2024-08-31 00:56:00
U0356,C084,3,38,False,2024-11-29 16:11:00
U0040,C065,5,65,False,2024-06-13 22:38:00
U0065,C078,4,49,False,2024-07-29 02:51:00
U0116,C081,4,60,False,2025-03-09 00:11:00
U0051,C070,3,68,False,2024-08-27 02:22:00
U0465,C092,2,54,False,2024-08-03 16:36:00
U0466,C021,3,68,False,2024-12-05 18:06:00
U0223,C004,5,71,False,2025-02-13 13:13:00
U0275,C086,5,91,True,2025-03-09 02:46:00
U0302,C038,3,84,False,2025-03-19 23:29:00
U0354,C017,3,56,False,2024-08-25 22:44:00
U0049,C064,3,16,False,2024-06-23 22:03:00
U0385,C064,5,82,False,2024-11-21 07:30:00
U0274,C074,3,62,False,2024-09-19 02:35:00
U0193,C025,4,85,False,2025-02-16 18:30:00
U0461,C079,3,39,False,2024-10-20 10:56:00
U0160,C091,3,64,False,2024-07-20 16:08:00
U0087,C011,3,71,False,2025-01-31 05:00:00
U0315,C009,5,81,False,2024-09-26 04:42:00
U0485,C049,3,48,False,2024-07-16 08:17:00
U0250,C025,5,88,False,2024-09-17 23:08:00
U0474,C081,3,82,False,2025-02-24 23:07:00
U0034,C084,3,66,False,2025-03-23 19:45:00
U0101,C006,4,64,False,2024-08-04 23:40:00
U0377,C052,4,76,False,2024-09-15 01:17:00
U0480,C025,1,42,False,2024-08-16 07:54:00
U0068,C059,5,81,False,2025-02-10 11:54:00
U0477,C079,4,86,False,2024-07-23 07:23:00
U0368,C019,5,53,False,2025-02-13 02:26:00
U0172,C097,2,46,False,2024-12-26 08:25:00
U0101,C001,3,5,False,2024-11-24 22:50:00
U0305,C069,4,53,False,2025-01-20 14:22:00
U0050,C094,3,31,False,2024-08-07 02:43:00
U0046,C022,4,56,False,2025-01-27 09:24:00
U0443,C058,4,58,False,2024-08-21 18:47:00
U0135,C048,5,91,True,2024-10-20 02:39:00
U0199,C093,4,65,False,2025-03-18 02:51:00
U0445,C028,4,69,False,2025-01-01 15:00:00
U0497,C053,4,80,False,2024-12-19 14:48:00
U0450,C053,2,47,False,2024-12-14 07:44:00
U0202,C097,2,39,False,2024-07-14 18:32:00
U0031,C010,4,97,True,2024-10-09 09:41:00
U0201,C085,2,32,False,2024-11-04 19:49:00
U0097,C068,2,9,False,2025-03-18 13:22:00
U0005,C079,5,65,False,2024-12-10 05:29:00
U0098,C006,3,65,False,2024-12-15 04:27:00
U0046,C023,3,28,False,2024-10-09 06:50:00
U0348,C073,3,54,False,2024-06-21 17:47:00
U0253,C099,2,42,False,2024-07-21 23:39:00
U0477,C071,3,16,False,2024-10-01 23:19:00
U0465,C062,2,19,False,2024-07-14 21:38:00
U0293,C047,3,67,False,2024-09-21 06:35:00
U0174,C028,3,71,False,2024-08-08 23:18:00
U0456,C004,5,63,False,2024-12-04 17:15:00
U0116,C063,5,79,False,2024-06-18 22:15:00
U0040,C062,4,93,True,2025-02-26 15:25:00
U0015,C035,3,11,False,2024-12-07 14:49:00
U0373,C063,4,85,False,2025-03-16 21:17:00
U0206,C069,3,67,False,2024-10-16 23:49:00
U0483,C010,3,42,False,2024-11-19 06:23:00
U0496,C072,5,86,False,2025-03-16 15:54:00
U0373,C047,4,92,True,2024-12-13 02:27:00
U0107,C004,3,9,False,2024-08-04 02:11:00
U0275,C051,4,74,False,2025-03-21 10:59:00
U0430,C011,2,56,False,2024-11-04 16:05:00
U0418,C095,1,22,False,2024-12-22 19:09:00
U0166,C097,3,25,False,2024-12-08 18:24:00
U0204,C045,4,100,True,2024-09-02 03:54:00
U0473,C060,4,89,False,2024-10-20 04:15:00
U0189,C045,4,68,False,2024-07-31 08:11:00
U0489,C059,4,61,False,2025-03-26 06:15:00
U0406,C053,3,45,False,2024-12-30 03:19:00
U0110,C062,4,59,False,2024-06-29 14:36:00
U0212,C085,4,100,True,2024-09-24 03:58:00
U0349,C030,4,56,False,2024-06-16 17:41:00
U0254,C064,3,39,False,2024-11-30 05:09:00
U0478,C074,5,73,False,2025-03-09 14:05:00
U0470,C034,5,66,False,2024-10-22 10:10:00
U0108,C062,3,62,False,2024-10-22 23:57:00
U0433,C092,3,28,False,2024-06-25 03:31:00
U0100,C051,2,19,False,2024-06-13 22:33:00
U0449,C011,3,44,False,2024-08-15 07:57:00
U0209,C098,5,99,True,2024-06-02 03:17:00
U0467,C033,5,80,False,2024-11-30 04:52:00
U0225,C056,3,93,True,2024-07-03 00:59:00
U0338,C028,4,57,False,2024-06-19 00:58:00
U0078,C026,4,94,True,2024-08-05 02:19:00
U0096,C042,3,78,False,2024-09-08 03:27:00
U0014,C048,4,72,False,2025-03-21 22:50:00
U0064,C025,4,93,True,2024-09-20 12:33:00
U0413,C063,4,54,False,2025-02-09 05:58:00
U0018,C023,3,30,False,2024-12-11 19:22:00
U0180,C025,3,84,False,2025-02-21 12:11:00
U0465,C010,3,84,False,2024-09-04 18:46:00
U0324,C025,3,7,False,2024-10-05 11:08:00
U0369,C060,3,40,False,2024-11-28 21:43:00
U0110,C030,4,90,True,2024-08-15 05:09:00
U0328,C097,4,100,True,2025-01-13 07:44:00
U0316,C094,4,67,False,2024-08-29 00:18:00
U0187,C068,3,50,False,2024-09-22 11:14:00
U0067,C077,4,92,True,2024-07-15 16:22:00
U0498,C066,4,83,False,2024-07-17 01:35:00
U0500,C077,4,59,False,2024-09-04 12:38:00
U0062,C029,3,83,False,2024-08-21 06:24:00
U0020,C096,4,54,False,2024-08-03 04:25:00
U0052,C048,3,47,False,2024-09-22 17:43:00
U0287,C053,3,61,False,2024-07-16 15:42:00
U0407,C063,3,42,False,2025-01-09 22:48:00
U0135,C009,3,54,False,2024-12-24 15:12:00
U0167,C019,4,24,False,2024-08-07 04:13:00
U0497,C025,2,10,False,2024-08-18 04:10:00
U0471,C064,3,84,False,2024-06-09 20:06:00
U0079,C089,3,62,False,2024-08-18 22:52:00
U0341,C025,2,15,False,2024-09-03 05:46:00
U0491,C012,4,56,False,2024-12-11 05:52:00
U0455,C071,4,81,False,2024-09-17 11:41:00
U0026,C012,4,87,False,2024-10-03 20:50:00
U0370,C058,2,30,False,2024-07-05 20:07:00
U0351,C025,3,35,False,2024-10-20 03:52:00
U0121,C031,4,100,True,2024-09-26 17:19:00
U0166,C013,3,85,False,2024-09-21 12:11:00
U0206,C047,3,32,False,2024-10-25 21:25:00
U0118,C094,4,81,False,2025-01-29 21:23:00
U0198,C048,4,68,False,2025-01-30 01:23:00
U0164,C015,4,48,False,2024-08-29 20:42:00
U0035,C078,4,99,True,2024-10-16 02:04:00
U0290,C041,2,9,False,2024-11-23 10:27:00
U0140,C052,5,74,False,2025-03-23 23:24:00
U0304,C098,1,7,False,2024-11-12 14:35:00
U0255,C056,4,97,True,2024-07-01 15:51:00
U0001,C053,3,38,False,2024-06-10 08:10:00
U0223,C053,3,67,False,2024-06-08 02:39:00
U0070,C018,4,89,False,2024-07-16 04:19:00
U0293,C068,2,14,False,2024-12-24 14:34:00
U0291,C043,3,59,False,2024-06-19 18:33:00
U0243,C036,3,67,False,2025-01-05 15:57:00
U0248,C099,4,56,False,2024-09-03 04:28:00
U0334,C071,3,54,False,2025-01-22 10:44:00
U0274,C068,4,67,False,2025-01-02 11:15:00
U0431,C017,4,100,True,2025-03-20 22:44:00
U0159,C089,4,93,True,2024-07-17 20:49:00
U0196,C027,3,65,False,2024-06-16 16:43:00
U0327,C038,4,100,True,2024-08-03 04:02:00
U0082,C012,4,92,True,2024-11-28 00:49:00
U0179,C075,5,93,True,2024-10-18 09:36:00
U0146,C004,3,72,False,2024-06-01 04:26:00
U0157,C068,5,89,False,2025-02-10 12:19:00
U0473,C006,4,88,False,2025-01-01 06:24:00
U0456,C003,4,65,False,2024-10-10 10:02:00
U0012,C052,3,69,False,2024-11-09 22:14:00
U0379,C048,3,38,False,2025-03-17 13:39:00
U0096,C099,3,28,False,2025-01-12 02:07:00
U0452,C071,4,84,False,2024-12-01 04:36:00
U0357,C046,5,90,True,2024-09-14 01:44:00
U0190,C094,3,78,False,2024-06-05 05:23:00
U0180,C067,3,30,False,2024-08-22 14:26:00
U0121,C078,5,49,False,2024-11-08 19:18:00
U0470,C068,2,44,False,2025-03-19 10:39:00
U0202,C025,5,67,False,2024-12-29 21:27:00
U0127,C052,4,90,True,2024-10-13 09:47:00
U0314,C079,4,82,False,2024-10-04 19:15:00
U0427,C017,2,25,False,2024-10-11 08:37:00
U0231,C090,4,54,False,2024-10-17 13:16:00
U0009,C086,5,87,False,2024-08-27 04:14:00
U0025,C043,4,89,False,2025-01-02 04:38:00
U0371,C037,4,77,False,2025-03-22 21:52:00
U0273,C029,3,66,False,2025-03-26 08:06:00
U0458,C010,3,92,True,2025-01-15 04:03:00
U0354,C048,4,92,True,2024-06-23 15:20:00
U0155,C062,4,84,False,2025-02-21 11:12:00
U0147,C057,4,69,False,2024-12-07 10:30:00
U0020,C042,4,81,False,2024-11-02 08:36:00
U0222,C057,1,15,False,2024-12-13 02:09:00
U0371,C089,5,58,False,2024-06-28 00:09:00
U0460,C070,3,67,False,2024-11-30 03:08:00
U0399,C085,5,79,False,2024-11-18 12:55:00
U0183,C080,5,54,False,2024-12-18 06:21:00
U0299,C076,4,97,True,2024-06-02 17:27:00
U0498,C032,4,66,False,2025-03-21 19:13:00
U0484,C054,4,84,False,2025-03-10 09:12:00
U0133,C073,3,61,False,2024-12-16 07:05:00
U0038,C095,5,75,False,2025-03-09 11:03:00
U0098,C025,4,100,True,2024-08-20 21:47:00
U0070,C008,4,80,False,2024-09-08 09:29:00
U0107,C022,4,70,False,2024-11-02 07:42:00
U0401,C048,3,39,False,2024-06-15 01:35:00
U0406,C025,3,51,False,2024-11-08 22:45:00
U0492,C013,4,80,False,2025-02-05 14:56:00
U0147,C027,4,94,True,2024-09-05 01:19:00
U0107,C003,1,20,False,2024-06-30 04:14:00
U0428,C081,3,38,False,2024-08-23 05:52:00
U0287,C055,2,26,False,2025-01-03 12:21:00
U0093,C066,4,60,False,2024-08-21 06:12:00
U0069,C015,5,67,False,2024-09-28 00:08:00
U0009,C076,2,47,False,2025-03-21 03:13:00
U0105,C054,3,51,False,2024-09-26 00:14:00
U0226,C038,4,74,False,2025-01-06 14:23:00
U0478,C096,2,32,False,2025-01-11 13:09:00
U0398,C060,5,65,False,2024-11-25 10:15:00
U0461,C010,3,72,False,2024-08-28 08:41:00
U0190,C053,3,60,False,2024-08-28 07:47:00
U0298,C017,4,97,True,2025-02-05 05:15:00
U0235,C068,4,76,False,2024-06-09 02:29:00
U0368,C041,4,62,False,2024-08-07 09:03:00
U0452,C045,4,91,True,2024-12-29 08:42:00
U0453,C094,4,75,False,2024-07-23 15:41:00
U0326,C046,4,67,False,2024-10-12 13:06:00
U0319,C041,2,17,False,2024-09-02 08:03:00
U0198,C095,4,94,True,2024-09-25 17:55:00
U0472,C066,4,100,True,2025-01-27 20:09:00
U0174,C082,4,66,False,2024-09-01 04:20:00
U0401,C055,4,75,False,2024-12-19 17:18:00
U0365,C027,4,65,False,2024-08-15 07:31:00
U0128,C035,4,85,False,2025-03-21 02:50:00
U0045,C070,2,12,False,2024-08-01 16:29:00
U0495,C058,3,37,False,2024-11-25 22:35:00
U0213,C049,4,37,False,2024-06-26 21:58:00
U0457,C064,1,15,False,2024-07-08 14:54:00
U0026,C011,4,68,False,2025-02-04 09:44:00
U0019,C071,2,35,False,2024-09-24 19:09:00
U0181,C090,5,100,True,2024-10-07 22:22:00
U0092,C084,5,66,False,2024-07-27 15:06:00
U0089,C089,5,74,False,2025-02-08 12:47:00
U0131,C098,3,61,False,2025-01-19 05:10:00
U0011,C050,3,62,False,2024-08-16 04:07:00
U0193,C082,3,50,False,2024-11-12 21:51:00
U0196,C049,3,81,False,2024-09-07 06:47:00
U0377,C068,2,38,False,2024-09-09 06:18:00
U0464,C097,4,95,True,2024-11-04 16:53:00
U0266,C100,3,34,False,2025-03-25 10:00:00
U0139,C066,2,16,False,2024-08-25 00:55:00
U0037,C031,5,78,False,2024-09-06 21:28:00
U0204,C072,3,45,False,2024-09-16 05:56:00
U0307,C027,2,17,False,2024-12-30 07:17:00
U0095,C076,3,100,True,2025-01-29 10:50:00
U0291,C044,5,90,True,2024-07-12 12:22:00
U0278,C099,4,84,False,2024-08-08 00:41:00
U0078,C024,4,82,False,2024-07-07 10:59:00
U0443,C025,2,25,False,2024-12-28 06:02:00
U0078,C051,3,45,False,2025-03-25 12:14:00
U0224,C052,3,64,False,2024-08-18 20:26:00
U0089,C097,3,70,False,2024-10-30 21:48:00
U0174,C084,4,91,True,2024-07-25 07:41:00
U0276,C025,2,34,False,2024-06-21 01:17:00
U0294,C035,3,57,False,2024-08-20 02:52:00
U0329,C088,4,57,False,2024-08-17 03:53:00
U0089,C074,3,66,False,2024-12-08 23:18:00
U0365,C005,4,78,False,2025-01-09 17:26:00
U0275,C076,4,42,False,2024-10-31 00:06:00
U0391,C044,2,7,False,2024-11-15 08:35:00
U0276,C010,4,100,True,2024-11-04 04:53:00
U0429,C023,3,37,False,2024-12-16 05:36:00
U0476,C068,4,72,False,2025-01-13 20:33:00
U0246,C071,3,46,False,2025-02-22 10:49:00
U0378,C063,4,92,True,2024-12-23 09:55:00
U0205,C049,4,97,True,2024-07-31 19:27:00
U0338,C080,3,41,False,2024-08-12 22:59:00
U0224,C039,4,100,True,2024-08-31 02:12:00
U0024,C030,4,100,True,2024-10-08 17:13:00
U0408,C005,4,91,True,2024-10-23 23:31:00
U0481,C089,5,72,False,2025-03-18 22:55:00
U0058,C100,3,41,False,2025-01-15 04:52:00
U0390,C040,3,33,False,2024-10-21 18:44:00
U0270,C021,4,84,False,2025-02-19 22:12:00
U0057,C028,4,89,False,2024-06-11 01:14:00
U0449,C037,3,44,False,2024-06-11 23:44:00
U0382,C051,4,84,False,2024-07-02 00:22:00
U0277,C065,3,69,False,2024-12-20 06:55:00
U0050,C091,4,54,False,2024-11-15 05:17:00
U0126,C025,3,40,False,2024-09-29 17:45:00
U0001,C005,3,92,True,2025-03-11 22:10:00
U0474,C060,4,67,False,2024-08-27 21:49:00
U0290,C010,3,49,False,2024-07-02 01:28:00
U0204,C044,3,58,False,2024-08-23 14:48:00
U0224,C083,4,79,False,2024-09-25 05:54:00
U0285,C057,3,28,False,2024-09-14 16:39:00
U0110,C043,4,67,False,2024-12-26 23:05:00
U0259,C028,5,100,True,2025-03-05 12:11:00
U0204,C038,4,72,False,2025-01-09 17:19:00
U0001,C030,4,88,False,2024-09-06 04:42:00
U0259,C074,4,80,False,2024-09-11 07:45:00
U0312,C029,4,76,False,2025-02-16 23:14:00
U0179,C021,3,53,False,2025-01-23 23:38:00
U0373,C078,1,18,False,2025-02-26 15:20:00
U0363,C021,5,94,True,2024-06-11 12:57:00
U0247,C024,2,16,False,2024-06-23 13:48:00
U0323,C097,4,64,False,2025-03-25 05:00:00
U0326,C025,1,22,False,2025-03-03 16:06:00
U0439,C019,3,56,False,2024-10-05 02:39:00
U0066,C069,2,26,False,2024-12-27 03:29:00
U0471,C002,3,85,False,2024-11-28 18:26:00
U0297,C062,4,97,True,2024-10-05 17:44:00
U0154,C072,2,15,False,2024-08-31 23:43:00
U0009,C027,3,100,True,2024-08-17 22:25:00
U0205,C075,4,77,False,2024-08-27 19:55:00
U0071,C027,3,73,False,2024-11-05 19:32:00
U0304,C016,4,91,True,2024-11-23 10:14:00
U0309,C078,3,40,False,2024-06-05 14:47:00
U0153,C051,3,37,False,2025-03-24 19:01:00
U0228,C056,3,45,False,2024-08-13 19:26:00
U0217,C050,4,70,False,2024-07-03 14:36:00
U0317,C012,4,80,False,2025-03-15 00:35:00
U0401,C040,3,48,False,2025-02-10 08:35:00
U0181,C087,4,82,False,2024-10-24 12:17:00
U0039,C074,1,39,False,2024-09-08 19:51:00
U0259,C053,3,42,False,2024-07-28 13:29:00
U0125,C055,5,85,False,2025-02-21 20:21:00
U0106,C039,3,66,False,2025-03-02 17:06:00
U0195,C088,4,54,False,2025-03-01 00:16:00
U0149,C056,4,73,False,2024-08-25 21:40:00
U0264,C047,3,81,False,2024-06-06 10:10:00
U0061,C074,4,72,False,2024-06-17 05:25:00
U0072,C025,3,59,False,2024-06-21 12:25:00
U0149,C059,2,20,False,2024-07-02 00:53:00
U0427,C094,4,72,False,2024-07-24 07:00:00
U0285,C099,3,52,False,2025-03-21 17:12:00
U0448,C003,4,77,False,2024-11-16 15:19:00
U0342,C049,5,97,True,2025-03-10 07:39:00
U0305,C064,4,71,False,2024-10-13 23:06:00
U0008,C088,2,11,False,2024-12-07 00:03:00
U0001,C042,2,11,False,2024-12-17 21:25:00
U0053,C068,4,79,False,2024-11-30 20:13:00
U0009,C010,3,71,False,2024-12-01 12:18:00
U0099,C062,2,40,False,2025-03-05 21:54:00
U0460,C036,1,5,False,2025-01-08 14:36:00
U0027,C046,3,51,False,2024-06-10 20:07:00
U0272,C017,3,61,False,2024-06-18 00:07:00
U0324,C051,4,100,True,2025-01-05 11:56:00
U0353,C055,3,52,False,2024-10-17 09:19:00
U0487,C088,4,65,False,2024-08-07 19:38:00
U0141,C078,4,84,False,2025-03-14 12:52:00
U0470,C020,3,66,False,2024-06-20 12:09:00
U0404,C099,4,76,False,2024-07-30 10:58:00
U0177,C054,2,60,False,2025-01-31 04:20:00
U0478,C042,4,65,False,2024-09-03 05:07:00
U0312,C024,4,59,False,2024-09-19 20:41:00
U0133,C076,3,25,False,2024-12-17 09:34:00
U0224,C014,4,56,False,2024-09-27 17:14:00
U0161,C092,4,90,True,2024-08-10 09:21:00
U0442,C010,3,65,False,2024-06-29 00:47:00
U0128,C042,3,70,False,2024-09-03 02:59:00
U0445,C091,2,9,False,2024-09-30 20:09:00
U0325,C090,3,34,False,2025-02-09 05:27:00
U0375,C053,4,68,False,2025-03-12 10:45:00
U0346,C036,4,93,True,2024-08-27 05:37:00
U0343,C062,4,79,False,2024-11-25 04:45:00
U0440,C076,2,60,False,2024-07-30 16:20:00
U0251,C072,5,90,True,2025-01-16 02:03:00
U0173,C010,2,44,False,2025-02-26 20:03:00
U0186,C073,3,50,False,2024-10-11 14:29:00
U0392,C007,4,84,False,2024-11-30 04:19:00
U0225,C094,2,41,False,2024-10-30 03:53:00
U0405,C057,2,44,False,2024-07-31 11:37:00
U0154,C097,1,29,False,2025-03-20 14:12:00
U0134,C099,4,82,False,2024-09-13 01:21:00
U0119,C095,4,60,False,2024-06-16 07:12:00
U0064,C074,4,89,False,2024-07-13 02:44:00
U0103,C094,4,94,True,2024-09-02 13:59:00
U0274,C025,2,21,False,2025-03-13 02:22:00
U0407,C068,5,88,False,2025-01-30 06:00:00
U0147,C053,5,81,False,2025-01-09 05:20:00
U0351,C003,1,43,False,2024-08-02 14:44:00
U0157,C054,3,38,False,2024-11-15 23:14:00
U0248,C011,2,14,False,2025-02-18 01:06:00
U0263,C014,5,100,True,2024-11-30 13:43:00
U0245,C049,4,72,False,2024-12-13 15:05:00
U0377,C084,3,69,False,2024-12-11 05:37:00
U0415,C052,4,77,False,2024-11-06 07:13:00
U0417,C068,4,93,True,2025-03-22 08:56:00
U0135,C010,5,49,False,2024-11-22 01:39:00
U0273,C026,4,60,False,2025-02-01 07:36:00
U0009,C055,2,39,False,2024-11-22 05:06:00
U0361,C080,4,86,False,2024-12-27 21:33:00
U0149,C025,3,59,False,2024-08-27 20:18:00
U0200,C017,4,69,False,2025-02-20 09:39:00
U0385,C047,2,36,False,2025-01-21 18:23:00
U0225,C072,4,52,False,2025-02-07 10:40:00
U0364,C039,2,16,False,2024-08-04 16:47:00
U0057,C068,4,86,False,2024-06-27 05:09:00
U0037,C058,3,85,False,2025-01-23 23:34:00
U0312,C022,3,95,True,2024-08-10 09:33:00
U0465,C100,3,81,False,2024-07-12 14:00:00
U0271,C009,3,28,False,2024-11-16 03:50:00
U0137,C005,3,100,True,2024-09-14 13:31:00
U0390,C053,2,9,False,2025-02-23 12:33:00
U0054,C027,2,9,False,2024-06-16 06:33:00
U0258,C034,4,100,True,2025-03-02 03:49:00
U0042,C050,5,83,False,2025-02-07 17:05:00
U0141,C081,4,69,False,2024-11-20 18:00:00
U0455,C036,3,53,False,2025-03-21 20:54:00
U0086,C049,1,13,False,2025-01-14 14:36:00
U0025,C010,5,91,True,2025-03-14 13:59:00
U0217,C048,4,88,False,2024-12-09 02:40:00
U0425,C047,3,39,False,2025-03-03 00:48:00
U0164,C066,3,47,False,2024-06-11 23:47:00
U0063,C028,3,62,False,2025-03-27 02:00:00
U0128,C053,1,36,False,2025-02-28 04:54:00
U0294,C005,2,42,False,2024-11-05 04:41:00
U0125,C078,1,5,False,2024-06-22 18:03:00
U0354,C049,5,81,False,2024-07-22 16:45:00
U0063,C081,3,47,False,2024-07-02 04:19:00
U0109,C053,3,16,False,2024-09-14 12:04:00
U0464,C094,4,100,True,2025-02-10 06:24:00
U0388,C095,4,100,True,2024-07-11 06:44:00
U0179,C099,4,95,True,2024-12-23 18:15:00
U0108,C066,5,85,False,2024-07-01 22:00:00
U0321,C041,4,95,True,2025-01-07 02:23:00
U0325,C033,3,84,False,2025-01-17 21:15:00
U0045,C075,4,71,False,2024-12-10 07:37:00
U0250,C062,2,13,False,2024-11-25 03:06:00
U0195,C076,4,67,False,2024-06-22 21:08:00
U0242,C038,3,53,False,2024-06-15 05:34:00
U0305,C065,5,90,True,2024-12-27 00:21:00
U0469,C033,4,82,False,2025-02-22 02:24:00
U0419,C032,3,45,False,2024-12-29 02:02:00
U0458,C078,2,5,False,2024-11-13 20:57:00
U0419,C020,5,100,True,2024-12-27 08:02:00
U0500,C014,4,100,True,2024-06-20 06:42:00
U0215,C025,3,71,False,2025-02-16 03:16:00
U0325,C019,4,86,False,2025-01-19 03:33:00
U0387,C059,4,78,False,2024-11-10 06:59:00
U0012,C059,5,98,True,2024-06-23 13:31:00
U0206,C065,3,71,False,2024-06-02 18:11:00
U0089,C085,4,76,False,2024-10-21 19:32:00
U0233,C097,4,77,False,2024-11-11 11:07:00
U0439,C033,3,60,False,2024-11-16 17:47:00
U0064,C047,5,100,True,2024-06-11 20:27:00
U0413,C078,3,50,False,2024-08-01 03:48:00
U0197,C097,2,29,False,2024-10-17 23:49:00
U0425,C010,4,99,True,2024-09-15 18:32:00
U0241,C092,2,16,False,2025-02-18 07:46:00
U0120,C039,4,91,True,2025-01-30 14:00:00
U0425,C008,5,94,True,2024-06-05 19:00:00
U0319,C010,1,23,False,2024-11-26 06:32:00
U0423,C067,4,63,False,2024-06-12 05:34:00
U0066,C063,4,91,True,2024-10-14 05:02:00
U0442,C017,4,85,False,2024-07-14 19:02:00
U0389,C012,4,85,False,2024-06-29 22:44:00
U0254,C075,5,83,False,2024-07-22 18:13:00
U0082,C014,3,36,False,2025-03-10 20:04:00
U0031,C093,4,43,False,2024-11-06 03:40:00
U0473,C038,4,76,False,2025-03-06 14:01:00
U0301,C025,4,57,False,2025-03-13 15:09:00
U0444,C097,3,61,False,2024-12-26 06:11:00
U0091,C018,4,98,True,2024-10-31 04:11:00
U0149,C057,4,58,False,2024-09-18 05:26:00
U0196,C024,5,85,False,2024-12-13 06:03:00
U0244,C058,3,29,False,2024-12-22 14:44:00
U0335,C010,4,78,False,2024-06-18 01:38:00
U0172,C040,4,92,True,2024-09-30 12:57:00
U0210,C025,4,82,False,2025-03-26 00:00:00
U0174,C090,4,79,False,2024-11-08 00:03:00
U0171,C018,3,58,False,2025-03-16 00:01:00
U0409,C040,4,84,False,2025-01-23 02:12:00
U0386,C054,3,51,False,2025-01-18 05:10:00
U0048,C068,5,44,False,2024-12-12 18:02:00
U0381,C032,5,54,False,2024-12-17 15:09:00
U0422,C075,3,54,False,2024-12-26 03:31:00
U0057,C096,4,95,True,2024-07-06 15:53:00
U0004,C060,3,60,False,2024-10-04 13:03:00
U0075,C002,4,64,False,2024-11-02 09:54:00
U0403,C010,3,56,False,2024-08-07 05:23:00
U0110,C015,4,84,False,2024-10-17 02:09:00
U0489,C060,3,37,False,2024-06-09 18:17:00
U0157,C047,2,49,False,2025-01-15 15:56:00
U0107,C067,3,18,False,2024-11-28 10:06:00
U0116,C010,2,36,False,2025-01-27 13:05:00
U0334,C075,3,58,False,2025-03-13 00:43:00
U0069,C072,4,82,False,2024-12-01 18:34:00
U0180,C042,4,87,False,2024-08-07 03:06:00
U0490,C069,3,45,False,2025-03-25 02:10:00
U0413,C073,3,50,False,2024-10-25 23:38:00
U0131,C094,5,98,True,2025-02-19 21:26:00
U0065,C077,5,87,False,2024-07-01 00:32:00
U0270,C090,4,65,False,2024-10-11 00:32:00
U0384,C096,4,78,False,2024-07-16 18:07:00
U0293,C049,4,63,False,2025-03-18 04:05:00
U0224,C012,4,56,False,2024-12-24 18:47:00
U0372,C094,2,48,False,2024-09-12 12:38:00
U0493,C027,3,51,False,2024-08-05 06:50:00
U0167,C062,4,74,False,2024-10-21 17:17:00
U0262,C018,4,100,True,2024-06-21 16:10:00
U0061,C017,3,43,False,2024-12-28 10:17:00
U0222,C041,4,100,True,2024-08-26 02:10:00
U0103,C021,2,18,False,2025-02-07 21:47:00
U0076,C074,3,23,False,2024-12-01 10:00:00
U0450,C057,5,59,False,2024-06-02 01:01:00
U0010,C017,3,54,False,2024-10-06 09:47:00
U0366,C036,5,100,True,2025-01-19 07:37:00
U0057,C041,3,63,False,2025-02-20 16:36:00
U0394,C063,3,40,False,2024-07-17 03:16:00
U0436,C097,5,65,False,2024-08-17 07:08:00
U0351,C008,4,71,False,2025-03-25 21:34:00
U0484,C068,3,42,False,2025-01-22 23:45:00
U0278,C062,2,40,False,2024-11-20 09:34:00
U0432,C049,3,100,True,2025-03-08 13:30:00
U0026,C050,3,90,True,2025-02-19 08:43:00
U0113,C014,3,42,False,2024-07-20 23:53:00
U0126,C004,4,67,False,2024-07-13 03:33:00
U0452,C013,3,66,False,2025-03-12 20:23:00
U0356,C093,4,88,False,2024-08-12 18:51:00
U0159,C002,4,87,False,2024-09-05 20:16:00
U0413,C069,5,70,False,2024-06-07 02:23:00
U0105,C008,5,72,False,2024-10-21 13:26:00
U0016,C023,4,77,False,2025-03-22 19:38:00
U0129,C029,3,20,False,2024-12-25 13:28:00
U0076,C025,2,28,False,2024-07-19 01:35:00
U0071,C021,5,73,False,2024-08-11 22:49:00
U0277,C009,3,44,False,2025-02-15 04:58:00
U0071,C087,5,71,False,2025-01-15 19:59:00
U0393,C031,5,97,True,2024-08-16 12:09:00
U0018,C073,3,61,False,2024-07-06 15:16:00
U0353,C019,4,92,True,2025-01-26 07:50:00
U0468,C007,4,82,False,2024-12-28 09:10:00
U0487,C068,2,5,False,2024-11-24 14:01:00
U0005,C041,3,54,False,2024-07-19 17:08:00
U0481,C036,4,68,False,2024-11-15 11:36:00
U0059,C049,4,97,True,2024-07-02 14:38:00
U0089,C069,3,48,False,2025-01-05 13:01:00
U0028,C078,3,40,False,2024-10-03 16:09:00
U0371,C049,3,64,False,2024-08-29 06:57:00
U0066,C068,4,91,True,2024-07-06 11:05:00
U0485,C072,5,78,False,2024-06-06 15:47:00
U0220,C061,5,78,False,2024-09-23 23:58:00
U0499,C025,4,83,False,2024-11-07 12:46:00
U0024,C097,3,41,False,2024-11-04 20:11:00
U0215,C027,5,87,False,2024-11-01 12:52:00
U0495,C090,4,54,False,2024-07-16 10:15:00
U0494,C068,3,49,False,2025-02-07 04:16:00
U0121,C037,4,81,False,2024-07-13 15:26:00
U0274,C061,3,48,False,2024-07-22 23:43:00
U0065,C049,1,31,False,2024-09-02 12:28:00
U0361,C009,4,100,True,2024-11-27 22:50:00
U0439,C013,3,66,False,2025-01-13 13:54:00
U0405,C081,5,47,False,2025-01-26 02:42:00
U0186,C084,3,50,False,2024-07-26 16:19:00
U0257,C075,5,55,False,2024-08-14 04:15:00
U0161,C049,2,27,False,2024-09-16 09:03:00
U0450,C083,4,56,False,2024-12-11 17:09:00
U0486,C003,3,48,False,2024-11-20 20:27:00
U0432,C084,4,50,False,2024-11-30 05:22:00
U0132,C036,5,86,False,2024-06-09 12:42:00
U0354,C045,5,100,True,2024-07-16 03:06:00
U0344,C033,1,13,False,2025-02-08 06:34:00
U0282,C010,3,66,False,2025-01-24 07:00:00
U0439,C018,4,77,False,2024-11-05 07:21:00
U0257,C090,5,78,False,2025-02-13 05:46:00
U0208,C012,4,100,True,2024-11-25 03:52:00
U0160,C019,4,73,False,2024-07-13 23:11:00
U0127,C034,4,83,False,2024-07-31 22:25:00
U0027,C047,3,74,False,2025-01-04 00:52:00
U0485,C045,4,69,False,2024-07-22 22:46:00
U0329,C036,3,51,False,2024-12-15 01:03:00
U0104,C044,3,76,False,2024-07-24 19:28:00
U0282,C025,4,62,False,2024-06-26 02:05:00
U0414,C021,4,70,False,2024-09-16 09:58:00
U0480,C012,5,68,False,2024-10-02 03:48:00
U0354,C042,5,82,False,2025-01-25 20:35:00
U0213,C044,4,50,False,2024-12-16 04:48:00
U0482,C090,2,21,False,2024-06-27 23:32:00
U0133,C050,4,63,False,2025-01-25 16:21:00
U0445,C021,3,66,False,2024-08-01 02:13:00
U0491,C018,4,77,False,2024-11-20 16:10:00
U0362,C091,4,62,False,2024-08-25 17:33:00
U0347,C070,3,53,False,2025-01-14 16:47:00
U0307,C069,5,59,False,2024-09-25 14:07:00
U0015,C039,4,100,True,2024-07-27 19:30:00
U0500,C091,1,10,False,2024-08-06 06:43:00
U0306,C018,3,70,False,2024-12-14 08:30:00
U0275,C072,5,85,False,2024-09-25 01:28:00
U0450,C098,5,79,False,2024-07-25 00:11:00
U0409,C031,4,76,False,2025-03-09 11:50:00
U0181,C083,3,72,False,2024-06-17 00:10:00
U0100,C054,3,57,False,2024-08-09 06:56:00
U0203,C057,3,52,False,2024-08-23 03:25:00
U0300,C077,4,87,False,2024-12-13 17:22:00
U0342,C045,4,91,True,2025-01-13 21:43:00
U0354,C050,4,46,False,2024-12-04 22:47:00
U0482,C065,3,59,False,2024-08-12 02:20:00
U0029,C030,3,58,False,2024-12-26 09:52:00
U0075,C071,1,7,False,2025-02-01 00:13:00
U0102,C049,3,59,False,2024-10-11 05:18:00
U0435,C008,5,78,False,2025-03-03 07:36:00
U0258,C001,4,89,False,2024-06-06 09:58:00
U0055,C097,1,34,False,2024-07-09 00:20:00
U0440,C060,5,89,False,2024-07-22 11:58:00
U0037,C034,4,86,False,2025-03-09 12:44:00
U0126,C068,5,66,False,2024-11-16 07:19:00
U0282,C001,4,73,False,2024-11-14 00:52:00
U0061,C032,3,37,False,2024-10-20 15:26:00
U0133,C081,3,57,False,2024-08-19 15:32:00
U0404,C018,4,92,True,2024-11-11 15:15:00
U0283,C092,4,48,False,2024-08-10 17:49:00
U0040,C053,3,50,False,2025-02-08 10:51:00
U0191,C026,3,51,False,2025-02-10 16:06:00
U0175,C035,2,37,False,2024-12-10 20:02:00
U0391,C049,3,47,False,2025-01-23 05:14:00
U0152,C083,5,57,False,2025-01-09 23:53:00
U0190,C069,4,76,False,2025-01-03 14:29:00
U0073,C005,2,56,False,2025-01-13 03:01:00
U0236,C083,4,82,False,2025-01-24 03:23:00
U0197,C078,4,75,False,2025-02-02 17:41:00
U0386,C092,2,20,False,2024-07-02 06:06:00
U0250,C038,4,88,False,2025-02-27 00:49:00
U0096,C069,3,64,False,2024-10-30 02:53:00
U0362,C022,5,68,False,2024-12-14 01:10:00
U0289,C057,4,76,False,2024-12-19 21:33:00
U0207,C053,4,60,False,2025-01-17 05:35:00
U0265,C063,5,53,False,2024-06-24 14:26:00
U0220,C001,5,82,False,2025-01-15 20:57:00
U0194,C003,5,74,False,2025-01-31 02:55:00
U0428,C015,4,59,False,2024-11-21 06:46:00
U0281,C005,3,65,False,2024-12-23 15:26:00
U0355,C090,3,11,False,2024-08-04 06:57:00
U0271,C017,4,87,False,2025-01-30 19:03:00
U0209,C025,4,62,False,2024-06-16 08:33:00
U0471,C054,2,11,False,2024-12-19 18:43:00
U0120,C072,4,89,False,2024-12-07 07:16:00
U0004,C022,3,95,True,2025-02-24 19:49:00
U0490,C090,1,44,False,2025-01-17 13:16:00
U0350,C061,5,75,False,2024-12-28 14:03:00
U0378,C030,4,77,False,2025-01-24 15:45:00
U0224,C011,5,97,True,2025-03-28 22:55:00
U0133,C046,3,31,False,2025-01-31 06:55:00
U0207,C087,2,42,False,2024-08-06 14:46:00
U0247,C095,3,56,False,2024-07-09 14:53:00
U0219,C026,4,57,False,2024-07-25 13:10:00
U0030,C010,4,91,True,2024-08-20 19:56:00
U0279,C015,4,84,False,2024-10-16 17:25:00
U0296,C051,4,90,True,2024-12-09 05:06:00
U0428,C090,4,80,False,2024-06-05 06:37:00
U0096,C016,5,92,True,2024-12-29 18:50:00
U0282,C068,3,73,False,2024-09-03 21:25:00
U0138,C053,5,100,True,2024-07-02 13:34:00
U0013,C011,4,61,False,2025-01-17 14:56:00
U0455,C010,4,72,False,2024-09-19 02:25:00
U0474,C012,4,49,False,2024-11-23 21:00:00
U0428,C085,5,56,False,2024-10-22 12:36:00
U0115,C071,2,35,False,2025-01-12 05:36:00
U0143,C005,3,48,False,2025-01-08 07:58:00
U0285,C028,4,98,True,2025-03-16 01:47:00
U0204,C005,2,35,False,2024-11-14 08:03:00
U0081,C036,2,52,False,2025-03-09 10:06:00
U0358,C030,3,53,False,2024-09-24 04:29:00
U0359,C095,5,72,False,2025-02-08 05:34:00
U0441,C089,4,91,True,2025-03-21 03:52:00
U0153,C036,3,57,False,2025-03-16 13:03:00
U0065,C025,4,75,False,2025-01-01 14:25:00
U0233,C059,3,38,False,2025-03-11 20:19:00
U0183,C011,5,96,True,2025-02-06 08:39:00
U0012,C041,4,95,True,2025-02-14 17:27:00
U0155,C025,3,48,False,2025-01-01 23:31:00
U0434,C036,3,42,False,2024-08-26 01:34:00
U0006,C027,2,19,False,2025-03-17 05:38:00
U0024,C022,4,74,False,2024-12-08 09:56:00
U0417,C003,5,86,False,2024-10-22 08:34:00
U0300,C073,3,68,False,2024-11-26 06:15:00
U0106,C026,4,76,False,2024-10-04 11:04:00
U0021,C084,3,36,False,2024-11-17 11:54:00
U0499,C040,4,56,False,2024-09-24 10:18:00
U0169,C036,4,84,False,2024-06-18 07:54:00
U0208,C076,3,67,False,2025-03-14 09:44:00
U0402,C007,4,83,False,2024-10-04 06:56:00
U0084,C008,3,58,False,2024-12-19 05:37:00
U0219,C056,3,39,False,2025-03-03 00:22:00
U0289,C025,4,85,False,2025-03-03 20:14:00
U0063,C029,3,72,False,2024-10-17 02:10:00
U0451,C065,3,15,False,2024-11-18 19:25:00
U0161,C068,1,37,False,2024-08-08 01:07:00
U0074,C056,5,85,False,2024-12-23 06:04:00
U0191,C053,3,52,False,2024-06-08 12:11:00
U0138,C079,3,26,False,2024-09-13 14:21:00
U0319,C013,3,57,False,2024-07-21 18:08:00
U0093,C062,3,58,False,2024-09-26 03:30:00
U0066,C010,1,36,False,2024-10-19 15:20:00
U0078,C057,4,100,True,2024-12-22 08:24:00
U0053,C041,3,51,False,2024-08-12 22:01:00
U0456,C008,5,100,True,2025-01-16 07:01:00
U0003,C006,4,85,False,2025-02-28 08:20:00
U0448,C004,3,52,False,2024-09-06 05:45:00
U0055,C028,4,82,False,2024-11-17 11:00:00
U0163,C017,4,88,False,2024-08-11 03:37:00
U0328,C068,4,61,False,2024-06-26 16:54:00
U0227,C088,3,44,False,2025-01-23 20:08:00
U0134,C065,3,76,False,2024-12-09 22:47:00
U0079,C011,4,75,False,2025-02-12 17:15:00
U0363,C025,2,20,False,2024-11-12 22:59:00
U0277,C090,3,24,False,2024-09-01 23:59:00
U0248,C068,3,60,False,2025-02-08 20:24:00
U0425,C007,4,100,True,2024-09-29 05:37:00
U0221,C072,5,73,False,2024-06-30 05:21:00
U0240,C027,4,66,False,2024-10-27 13:17:00
U0030,C034,3,42,False,2024-11-18 20:32:00
U0403,C036,3,71,False,2025-02-25 16:12:00
U0425,C070,1,22,False,2024-08-27 10:44:00
U0224,C013,5,73,False,2025-01-31 04:25:00
U0404,C093,5,93,True,2024-10-15 12:30:00
U0065,C073,4,52,False,2024-12-03 09:59:00
U0327,C083,3,57,False,2024-12-09 02:50:00
U0082,C016,5,100,True,2024-06-05 03:34:00
U0094,C047,3,71,False,2024-08-26 09:28:00
U0089,C067,4,96,True,2024-10-07 05:41:00
U0007,C031,4,50,False,2024-08-23 07:59:00
U0141,C087,4,62,False,2025-03-21 05:38:00
U0006,C092,4,75,False,2024-12-31 12:10:00
U0426,C032,3,62,False,2024-08-08 13:25:00
U0001,C041,4,100,True,2024-06-27 18:23:00
U0221,C053,3,49,False,2025-01-31 09:41:00
U0021,C065,3,52,False,2024-07-09 01:47:00
U0390,C008,4,66,False,2024-10-04 11:48:00
U0103,C042,4,76,False,2024-08-08 05:19:00
U0429,C026,5,70,False,2024-09-22 12:54:00
U0003,C064,5,84,False,2024-06-11 16:09:00
U0237,C012,5,81,False,2024-11-12 12:17:00
U0205,C072,3,49,False,2025-01-01 01:30:00
U0500,C015,3,52,False,2024-12-18 09:13:00
U0006,C061,4,80,False,2024-09-25 14:11:00
U0103,C036,5,77,False,2025-01-14 13:42:00
U0076,C049,3,54,False,2024-07-27 06:55:00
U0454,C097,4,84,False,2024-07-29 00:41:00
U0495,C055,2,28,False,2024-09-11 22:06:00
U0200,C010,3,5,False,2024-07-30 23:12:00
U0236,C081,3,53,False,2024-12-16 16:23:00
U0245,C090,3,32,False,2024-06-17 13:54:00
U0355,C059,4,74,False,2024-10-28 05:39:00
U0451,C013,2,14,False,2025-01-29 10:54:00
U0175,C048,4,78,False,2025-01-12 00:05:00
U0428,C062,4,62,False,2025-03-17 06:11:00
U0154,C013,3,68,False,2024-08-26 09:35:00
U0113,C019,5,71,False,2024-10-15 02:49:00
U0255,C059,4,62,False,2024-11-24 13:49:00
U0172,C069,4,72,False,2025-02-12 12:36:00
U0131,C021,2,47,False,2024-08-24 11:55:00
U0151,C054,2,29,False,2024-12-07 23:14:00
U0194,C031,2,5,False,2024-08-10 13:35:00
U0291,C073,4,100,True,2025-01-26 05:12:00
U0265,C048,4,84,False,2024-07-03 20:00:00
U0491,C021,5,73,False,2024-09-25 16:55:00
U0173,C061,5,100,True,2025-02-02 23:17:00
U0090,C054,4,71,False,2024-10-21 07:20:00
U0298,C100,3,48,False,2025-01-31 17:04:00
U0135,C002,3,80,False,2024-11-04 15:54:00
U0332,C044,5,82,False,2024-10-29 07:29:00
U0259,C092,2,10,False,2025-02-23 08:17:00
U0109,C057,3,52,False,2024-12-10 02:34:00
U0386,C091,5,84,False,2024-11-27 13:16:00
U0459,C055,5,69,False,2024-08-07 21:56:00
U0199,C062,2,19,False,2024-12-24 17:59:00
U0415,C068,3,71,False,2024-07-05 11:42:00
U0153,C005,4,86,False,2024-07-15 16:23:00
U0419,C040,5,88,False,2025-03-20 01:03:00
U0077,C016,5,75,False,2025-03-23 03:00:00
U0398,C056,4,93,True,2024-06-21 22:29:00
U0333,C057,4,87,False,2025-03-15 12:01:00
U0149,C010,4,100,True,2024-12-04 13:48:00
U0452,C041,2,5,False,2024-06-19 07:45:00
U0304,C017,4,80,False,2024-06-14 12:30:00
U0012,C053,4,88,False,2025-01-28 22:50:00
U0455,C066,4,100,True,2025-03-08 04:11:00
U0377,C064,4,84,False,2025-01-30 18:41:00
U0144,C010,2,41,False,2024-06-09 16:28:00
U0199,C094,4,74,False,2025-03-21 13:13:00
U0156,C016,5,75,False,2025-02-19 22:39:00
U0388,C093,4,77,False,2024-06-13 23:54:00
U0162,C010,2,39,False,2024-11-13 00:54:00
U0344,C099,3,52,False,2024-08-10 04:53:00
U0061,C002,4,69,False,2024-10-13 20:54:00
U0280,C011,3,59,False,2025-01-13 00:26:00
U0201,C024,4,88,False,2024-07-06 12:48:00
U0084,C082,3,45,False,2024-06-08 15:12:00
U0484,C097,4,100,True,2025-03-25 05:49:00
U0429,C100,3,90,True,2024-07-12 21:36:00
U0252,C005,3,94,True,2025-01-01 22:20:00
U0105,C025,3,47,False,2024-09-28 14:05:00
U0235,C078,2,25,False,2024-06-04 17:27:00
U0422,C018,2,48,False,2024-10-13 05:25:00
U0106,C087,4,71,False,2025-03-02 21:42:00
U0121,C025,4,76,False,2024-07-15 21:49:00
U0122,C021,3,53,False,2024-11-02 21:40:00
U0145,C049,2,30,False,2025-01-01 14:01:00
U0195,C025,4,100,True,2024-11-22 17:28:00
U0098,C009,3,18,False,2025-02-27 05:17:00
U0381,C097,3,64,False,2024-10-04 01:44:00
U0076,C092,2,5,False,2024-07-09 14:46:00
U0276,C016,5,100,True,2025-02-13 00:24:00
U0325,C091,2,18,False,2024-10-17 21:14:00
U0348,C074,5,72,False,2025-03-24 01:06:00
U0195,C047,3,49,False,2025-03-25 23:42:00
U0335,C052,4,79,False,2024-06-01 06:28:00
U0397,C036,3,77,False,2024-06-28 19:09:00
U0212,C002,3,57,False,2025-01-15 01:13:00
U0016,C028,4,81,False,2024-06-17 16:40:00
U0460,C100,1,11,False,2024-07-04 14:10:00
U0308,C090,4,89,False,2025-03-09 05:41:00
U0446,C025,4,84,False,2024-11-01 16:20:00
U0386,C067,2,16,False,2024-06-10 14:09:00
U0265,C098,3,34,False,2024-11-21 18:11:00
U0329,C081,4,100,True,2024-10-20 02:04:00
U0215,C064,3,45,False,2024-07-28 23:38:00
U0453,C021,1,25,False,2024-07-27 05:51:00
U0008,C089,4,89,False,2024-08-08 00:15:00
U0320,C071,4,78,False,2024-08-29 13:12:00
U0345,C025,1,38,False,2024-10-14 08:17:00
U0196,C026,5,85,False,2024-10-08 10:33:00
U0349,C097,2,6,False,2025-02-04 00:05:00
U0152,C045,3,54,False,2024-08-13 09:10:00
U0337,C025,3,35,False,2024-09-19 13:38:00
U0010,C013,5,54,False,2024-09-23 14:23:00
U0128,C038,3,88,False,2024-10-15 18:28:00
U0208,C017,3,51,False,2024-07-01 07:39:00
U0193,C055,3,71,False,2024-06-01 04:58:00
U0163,C045,3,47,False,2024-11-05 01:22:00
U0218,C013,4,96,True,2025-02-28 14:50:00
U0143,C008,2,47,False,2024-12-22 22:17:00
U0431,C011,3,62,False,2025-02-17 17:09:00
U0061,C019,4,71,False,2025-01-18 15:15:00
U0211,C064,3,35,False,2024-08-05 07:27:00
U0020,C095,2,5,False,2025-02-26 13:18:00
U0298,C062,4,100,True,2024-08-29 04:47:00
U0026,C063,2,40,False,2024-09-04 19:33:00
U0289,C031,3,17,False,2024-12-14 13:25:00
U0486,C099,2,30,False,2025-03-26 13:11:00
U0097,C004,4,64,False,2024-12-11 19:37:00
U0466,C090,2,35,False,2024-08-19 18:58:00
U0378,C028,4,42,False,2024-10-05 06:20:00
U0385,C066,4,85,False,2024-12-22 17:32:00
U0238,C097,5,81,False,2025-01-17 19:11:00
U0191,C010,1,31,False,2025-01-09 00:19:00
U0089,C088,5,65,False,2024-10-07 19:52:00
U0127,C023,3,40,False,2025-02-26 23:12:00
U0500,C099,2,19,False,2024-07-14 04:08:00
U0207,C001,5,82,False,2024-07-05 09:19:00
U0477,C077,3,75,False,2024-07-05 09:47:00
U0446,C050,5,87,False,2024-07-07 06:19:00
U0416,C061,4,98,True,2024-08-17 20:53:00
U0279,C011,2,52,False,2025-03-04 13:41:00
U0168,C063,4,78,False,2024-12-14 09:10:00
U0381,C021,2,23,False,2024-08-09 09:58:00
U0029,C045,3,47,False,2024-11-20 07:01:00
U0053,C029,3,46,False,2025-03-14 19:25:00
U0065,C021,5,89,False,2025-03-19 17:58:00
U0499,C021,2,41,False,2024-06-18 20:54:00
U0190,C055,4,89,False,2024-06-03 02:30:00
U0230,C077,5,75,False,2024-07-22 16:27:00
U0293,C071,3,72,False,2024-08-18 20:58:00
U0376,C019,4,77,False,2024-06-04 09:15:00
U0408,C011,4,71,False,2025-02-07 08:07:00
U0364,C034,4,90,True,2024-07-08 21:12:00
U0247,C061,4,92,True,2024-12-25 03:00:00
U0180,C064,5,86,False,2024-07-15 18:48:00
U0340,C012,4,77,False,2024-08-15 22:21:00
U0427,C098,4,91,True,2024-07-07 18:12:00
U0236,C070,4,75,False,2024-09-03 09:54:00
U0159,C059,4,87,False,2024-10-25 17:38:00
U0001,C054,3,34,False,2025-02-08 13:01:00
U0397,C023,4,91,True,2024-06-03 22:53:00
U0241,C013,3,61,False,2024-07-07 15:40:00
U0353,C063,4,77,False,2024-07-16 15:44:00
U0123,C062,3,57,False,2024-08-25 17:37:00
U0178,C096,5,57,False,2024-12-14 06:16:00
U0019,C062,3,81,False,2025-03-13 11:32:00
U0001,C048,4,85,False,2024-07-11 23:47:00
U0414,C089,2,24,False,2024-10-12 08:45:00
U0410,C056,3,61,False,2024-10-06 19:42:00
U0060,C021,3,19,False,2024-06-25 20:31:00
U0421,C004,5,65,False,2024-10-24 00:37:00
U0126,C007,3,33,False,2024-06-07 22:19:00
U0164,C025,2,22,False,2024-07-31 17:17:00
U0010,C097,2,30,False,2024-10-06 19:59:00
U0404,C009,4,69,False,2024-08-16 05:05:00
U0379,C074,1,12,False,2024-10-01 16:23:00
U0469,C005,3,69,False,2025-03-11 12:43:00
U0486,C001,4,72,False,2025-01-14 17:34:00
U0007,C041,3,67,False,2024-08-20 19:44:00
U0174,C087,4,74,False,2024-10-23 22:27:00
U0370,C074,2,21,False,2024-08-07 06:03:00
U0478,C080,4,100,True,2024-11-01 08:54:00
U0011,C057,3,46,False,2024-06-28 13:31:00
U0286,C013,3,82,False,2024-08-26 01:43:00
U0315,C059,4,66,False,2024-09-22 02:05:00
U0103,C040,4,73,False,2024-12-17 12:06:00
U0050,C095,3,37,False,2025-03-11 10:35:00
U0124,C008,5,85,False,2024-07-28 19:41:00
U0207,C045,4,76,False,2024-08-21 04:01:00
U0161,C098,4,84,False,2024-06-04 15:30:00
U0488,C059,4,81,False,2024-10-30 15:46:00
U0358,C049,2,37,False,2024-06-30 17:43:00
U0457,C025,4,59,False,2024-09-09 02:28:00
U0385,C063,5,78,False,2024-07-08 19:36:00
U0174,C010,4,67,False,2025-03-23 08:26:00
U0449,C010,2,5,False,2024-12-16 13:08:00
U0168,C062,3,52,False,2025-03-23 12:59:00
U0071,C040,3,71,False,2024-07-08 23:34:00
U0249,C025,2,26,False,2025-01-16 00:13:00
U0465,C053,5,53,False,2024-06-25 10:59:00
U0417,C026,3,43,False,2024-06-22 12:25:00
U0123,C021,3,69,False,2024-12-07 01:08:00
U0375,C016,4,86,False,2025-01-06 08:53:00
U0062,C017,3,59,False,2025-03-28 01:37:00
U0061,C021,3,85,False,2024-07-01 23:15:00
U0328,C072,4,91,True,2024-08-09 00:38:00
U0393,C090,4,79,False,2024-12-07 18:29:00
U0357,C044,4,83,False,2024-07-28 18:41:00
U0423,C066,4,61,False,2024-06-22 01:39:00
U0367,C002,5,52,False,2024-08-08 14:22:00
U0470,C090,3,63,False,2025-02-08 09:42:00
U0165,C019,2,56,False,2024-08-10 01:20:00
U0493,C029,2,25,False,2024-11-16 07:32:00
U0047,C071,4,100,True,2025-03-15 03:45:00
U0281,C052,4,95,True,2024-11-27 16:13:00
U0146,C021,4,97,True,2024-10-23 10:25:00
U0208,C031,4,61,False,2024-12-07 04:07:00
U0253,C042,5,73,False,2024-11-09 22:26:00
U0195,C077,5,74,False,2024-07-23 13:53:00
U0072,C068,4,67,False,2024-06-16 14:00:00
U0152,C010,3,39,False,2025-01-02 12:01:00
U0068,C015,5,60,False,2024-12-05 16:23:00
U0014,C047,4,92,True,2024-06-03 02:28:00
U0118,C091,5,80,False,2024-07-17 13:31:00
U0415,C057,3,51,False,2024-06-28 11:33:00
U0226,C084,4,81,False,2024-08-06 05:16:00
U0155,C018,4,100,True,2024-11-15 09:28:00
U0193,C063,3,69,False,2024-12-05 06:06:00
U0349,C025,2,5,False,2025-01-26 18:03:00
U0164,C033,4,76,False,2024-08-03 18:59:00
U0478,C087,4,59,False,2025-02-28 12:27:00
U0494,C005,3,84,False,2024-11-01 22:25:00
U0298,C052,3,57,False,2024-12-16 03:35:00
U0366,C039,4,58,False,2025-03-14 14:25:00
U0281,C054,4,100,True,2024-12-09 21:29:00
U0026,C025,2,19,False,2024-10-03 23:44:00
U0245,C089,2,31,False,2024-07-16 17:16:00
U0126,C011,3,66,False,2024-07-22 18:11:00
U0084,C072,3,89,False,2025-01-08 15:15:00
U0108,C068,4,72,False,2024-12-25 09:16:00
U0021,C096,3,75,False,2024-08-08 10:15:00
U0391,C036,3,48,False,2025-01-22 12:39:00
U0441,C026,4,71,False,2024-10-11 05:28:00
U0319,C083,4,78,False,2024-08-21 07:46:00
U0274,C075,2,43,False,2024-08-12 01:08:00
U0295,C011,5,63,False,2024-07-04 13:39:00
U0097,C046,4,85,False,2024-08-29 16:17:00
U0151,C010,5,68,False,2025-02-09 21:04:00
U0310,C020,3,36,False,2024-06-05 21:30:00
U0170,C010,2,12,False,2024-07-14 10:53:00
U0138,C055,4,100,True,2024-12-17 01:58:00
U0475,C084,4,81,False,2025-03-19 22:38:00
U0492,C011,3,65,False,2024-06-02 22:53:00
U0202,C047,3,56,False,2024-10-04 06:43:00
U0080,C027,3,23,False,2024-08-17 04:31:00
U0105,C049,3,38,False,2024-12-30 23:32:00
U0359,C057,3,40,False,2024-12-21 12:59:00
U0153,C011,4,58,False,2024-06-15 14:00:00
U0107,C024,2,29,False,2024-09-30 12:51:00
U0018,C051,5,56,False,2024-08-26 19:32:00
U0408,C091,4,88,False,2024-10-26 02:46:00
U0422,C078,2,36,False,2024-10-31 23:03:00
U0139,C061,4,80,False,2025-01-09 15:50:00
U0389,C021,3,100,True,2025-01-06 14:26:00
U0432,C010,3,48,False,2024-08-21 00:53:00
U0021,C086,2,44,False,2024-09-06 16:42:00
U0183,C073,4,74,False,2024-10-13 13:46:00
U0037,C039,4,100,True,2024-10-15 10:38:00
U0301,C020,1,31,False,2025-02-04 23:36:00
U0430,C065,3,64,False,2024-07-10 08:38:00
U0468,C097,1,36,False,2025-01-05 01:37:00
U0379,C051,5,76,False,2024-11-08 00:55:00
U0145,C027,3,38,False,2024-08-13 13:49:00
U0447,C037,3,77,False,2024-08-05 04:47:00
U0114,C077,3,44,False,2024-10-10 12:06:00
U0300,C010,1,40,False,2025-03-01 20:04:00
U0339,C021,3,100,True,2024-07-24 10:39:00
U0117,C071,3,95,True,2024-07-08 05:43:00
U0231,C083,5,78,False,2024-08-10 06:52:00
U0303,C010,3,50,False,2024-11-03 15:19:00
U0089,C010,3,26,False,2024-08-22 10:25:00
U0367,C017,4,100,True,2025-02-07 02:54:00
U0263,C025,3,38,False,2025-02-25 04:58:00
U0495,C085,4,58,False,2025-02-25 20:34:00
U0333,C091,4,57,False,2025-03-07 09:04:00
U0358,C099,3,59,False,2025-03-22 20:23:00
U0206,C064,5,90,True,2025-03-22 19:34:00
U0498,C074,5,82,False,2024-10-17 12:01:00
U0386,C017,2,37,False,2025-01-06 21:28:00
U0099,C054,4,82,False,2025-03-05 07:00:00
U0439,C070,4,84,False,2025-01-14 04:12:00
U0203,C074,3,49,False,2024-06-26 17:03:00
U0294,C027,4,74,False,2024-12-31 02:24:00
U0215,C061,3,60,False,2025-01-17 21:32:00
U0170,C097,3,79,False,2024-12-22 10:20:00
U0385,C030,3,84,False,2025-02-08 11:06:00
U0495,C086,3,86,False,2025-01-07 08:00:00
U0004,C094,4,79,False,2025-01-15 10:33:00
U0403,C018,1,15,False,2025-02-27 04:18:00
U0350,C045,4,91,True,2024-12-30 12:22:00
U0131,C025,3,50,False,2024-08-29 08:55:00
U0155,C095,4,76,False,2025-02-18 18:39:00
U0003,C078,4,84,False,2024-09-12 06:33:00
U0219,C055,4,94,True,2024-09-28 10:52:00
U0241,C057,2,13,False,2024-07-03 14:01:00
U0491,C017,4,89,False,2024-06-24 19:19:00
U0415,C025,3,59,False,2024-08-18 06:32:00
U0330,C073,4,53,False,2024-06-24 22:21:00
U0375,C080,4,100,True,2025-03-01 07:01:00
U0312,C067,1,8,False,2024-10-21 23:04:00
U0109,C060,3,68,False,2024-06-07 18:49:00
U0222,C080,3,48,False,2025-01-30 19:31:00
U0445,C005,3,63,False,2025-03-22 15:08:00
U0431,C015,3,62,False,2025-03-12 08:07:00
U0108,C020,4,89,False,2024-10-17 16:00:00
U0238,C007,4,61,False,2025-02-07 09:32:00
U0499,C099,2,20,False,2025-03-21 10:31:00
U0294,C022,4,59,False,2024-11-20 18:53:00
U0322,C078,4,66,False,2024-06-24 04:42:00
U0129,C022,3,29,False,2024-09-28 02:22:00
U0467,C039,3,96,True,2024-11-18 16:17:00
U0313,C082,3,45,False,2024-06-09 14:12:00
U0433,C003,4,86,False,2024-09-25 03:36:00
U0381,C038,3,31,False,2025-01-28 09:34:00
U0224,C050,3,58,False,2024-12-05 03:42:00
U0159,C058,4,89,False,2024-10-15 21:33:00
U0257,C073,4,62,False,2024-11-11 20:33:00
U0448,C093,3,78,False,2024-10-20 03:36:00
U0216,C025,3,57,False,2024-08-26 13:01:00
U0193,C058,4,75,False,2024-10-22 05:29:00
U0150,C025,2,5,False,2024-09-16 03:54:00
U0228,C021,4,76,False,2024-12-14 12:11:00
U0432,C082,4,100,True,2024-07-15 11:05:00
U0416,C099,3,67,False,2024-07-17 14:34:00
U0454,C096,4,100,True,2024-11-22 18:19:00
U0476,C063,1,14,False,2025-01-22 23:09:00
U0014,C017,2,48,False,2024-08-27 07:30:00
U0348,C097,4,63,False,2024-06-29 01:45:00
U0220,C058,4,85,False,2025-03-05 20:40:00
U0230,C079,3,76,False,2024-10-22 14:28:00
U0216,C041,3,61,False,2024-09-12 18:33:00
U0450,C021,3,88,False,2025-03-04 19:43:00
U0384,C093,3,62,False,2024-07-04 11:37:00
U0030,C050,5,85,False,2024-12-07 16:38:00
U0108,C018,4,85,False,2025-02-18 14:26:00
U0106,C048,4,62,False,2024-08-19 00:43:00
U0122,C082,4,87,False,2024-09-01 03:59:00
U0324,C043,1,34,False,2024-06-15 20:54:00
U0171,C063,4,94,True,2025-03-08 17:06:00
U0332,C097,1,21,False,2025-02-23 20:24:00
U0051,C063,3,40,False,2024-06-14 20:52:00
U0251,C077,4,96,True,2024-12-16 22:48:00
U0019,C021,3,55,False,2024-06-25 14:37:00
U0068,C020,3,77,False,2025-03-12 04:24:00
U0284,C035,4,85,False,2024-09-23 08:57:00
U0362,C058,3,45,False,2024-11-03 19:57:00
U0233,C021,1,9,False,2024-10-03 22:20:00
U0023,C041,3,44,False,2025-01-22 16:39:00
U0401,C099,2,39,False,2024-09-24 06:21:00
U0182,C021,3,40,False,2025-02-05 14:15:00
U0379,C041,4,63,False,2024-09-20 03:20:00
U0169,C032,5,92,True,2024-11-10 14:43:00
U0464,C029,3,75,False,2024-07-18 16:30:00
U0317,C025,5,62,False,2025-02-20 08:45:00
U0421,C003,3,42,False,2024-11-07 11:32:00
U0276,C003,3,39,False,2024-11-07 02:19:00
U0455,C002,3,65,False,2024-07-23 04:59:00
U0117,C009,2,35,False,2024-11-13 01:12:00
U0206,C045,3,51,False,2024-07-29 10:40:00
U0385,C068,4,70,False,2024-07-09 23:02:00
U0299,C075,3,66,False,2025-01-15 17:03:00
U0137,C077,4,100,True,2024-10-28 08:26:00
U0500,C020,4,87,False,2024-06-13 07:52:00
U0396,C037,4,63,False,2024-10-31 00:04:00
U0222,C045,4,79,False,2024-11-11 15:13:00
U0389,C024,4,81,False,2024-07-31 11:37:00
U0484,C059,4,75,False,2024-08-22 19:58:00
U0120,C076,4,61,False,2025-03-14 23:13:00
U0425,C048,3,82,False,2024-12-06 22:42:00
U0156,C087,4,79,False,2024-09-25 07:11:00
U0154,C064,5,59,False,2024-07-06 17:22:00
U0276,C014,4,94,True,2024-12-17 00:29:00
U0467,C069,4,79,False,2024-12-14 15:45:00
U0177,C057,3,63,False,2025-03-21 11:34:00
U0146,C052,4,63,False,2024-10-16 23:59:00
U0473,C007,3,45,False,2024-07-29 13:04:00
U0227,C011,5,93,True,2024-08-22 05:04:00
U0263,C033,3,72,False,2025-03-17 17:04:00
U0331,C010,3,39,False,2024-10-25 03:14:00
U0404,C097,3,38,False,2024-10-19 21:30:00
U0198,C004,4,67,False,2024-10-09 17:13:00
U0356,C089,5,100,True,2024-10-26 00:47:00
U0275,C066,4,97,True,2024-09-12 00:51:00
U0078,C052,3,40,False,2024-06-16 18:46:00
U0060,C033,5,100,True,2024-12-30 12:28:00
U0236,C075,5,84,False,2024-12-30 13:27:00
U0488,C055,4,84,False,2024-11-08 23:25:00
U0416,C056,2,36,False,2024-06-17 04:50:00
U0435,C066,2,37,False,2024-08-08 21:44:00
U0372,C084,4,93,True,2025-03-11 07:57:00
U0216,C080,4,70,False,2024-06-09 03:30:00
U0443,C033,4,80,False,2024-11-15 04:40:00
U0156,C053,4,65,False,2024-08-01 08:18:00
U0180,C050,4,72,False,2024-12-20 11:27:00
U0452,C078,3,50,False,2024-12-10 01:07:00
U0282,C082,4,88,False,2024-08-05 12:13:00
U0035,C073,3,38,False,2024-12-13 19:40:00
U0172,C085,4,69,False,2024-08-20 20:11:00
U0416,C070,4,85,False,2024-06-24 00:13:00
U0406,C028,2,23,False,2025-03-08 10:00:00
U0499,C086,5,49,False,2024-11-19 10:04:00
U0374,C054,3,19,False,2024-09-15 08:49:00
U0148,C047,4,73,False,2024-10-09 17:25:00
U0247,C068,5,64,False,2025-03-02 07:36:00
U0490,C057,3,65,False,2024-12-02 08:24:00
U0375,C005,2,10,False,2024-07-13 11:43:00
U0102,C042,4,90,True,2024-07-29 08:44:00
U0401,C064,4,64,False,2025-02-20 14:37:00
U0422,C072,4,86,False,2024-08-08 22:00:00
U0149,C021,3,39,False,2024-10-25 07:28:00
U0049,C014,4,76,False,2025-02-26 11:32:00
U0027,C048,5,87,False,2025-02-01 07:05:00
U0129,C096,3,54,False,2025-03-01 13:10:00
U0324,C001,4,69,False,2025-02-04 17:04:00
U0281,C042,3,69,False,2024-12-25 20:33:00
U0164,C019,4,89,False,2024-11-17 14:53:00
U0334,C033,2,47,False,2024-08-13 13:52:00
U0297,C028,5,91,True,2024-07-07 11:16:00
U0092,C099,2,5,False,2024-09-09 00:25:00
U0028,C077,3,44,False,2025-01-08 10:41:00
U0354,C068,3,70,False,2024-06-10 21:20:00
U0469,C011,2,5,False,2024-08-26 09:47:00
U0014,C076,3,39,False,2024-06-19 03:20:00
U0039,C084,5,82,False,2025-03-17 04:01:00
U0106,C057,4,99,True,2025-02-21 04:08:00
U0070,C040,4,73,False,2024-10-21 01:02:00
U0164,C088,3,77,False,2024-08-06 05:42:00
U0091,C017,4,67,False,2024-08-11 20:01:00
U0049,C007,4,68,False,2024-06-24 02:07:00
U0389,C065,5,68,False,2024-11-05 06:14:00
U0295,C045,3,71,False,2024-08-29 11:11:00
U0265,C008,4,92,True,2024-09-18 05:15:00
U0376,C052,3,45,False,2024-12-28 21:18:00
U0171,C080,4,80,False,2024-09-04 16:25:00
U0153,C062,3,36,False,2024-10-31 19:28:00
U0220,C036,4,89,False,2024-08-28 08:37:00
U0263,C017,5,80,False,2024-10-16 05:47:00
U0028,C069,2,30,False,2025-03-26 11:15:00
U0224,C087,1,23,False,2025-01-29 20:57:00
U0444,C071,2,31,False,2024-10-20 21:36:00
U0282,C074,4,82,False,2024-08-30 19:30:00
U0426,C063,4,100,True,2024-07-18 10:44:00
U0289,C011,3,35,False,2024-10-15 15:48:00
U0460,C056,3,57,False,2024-12-07 07:55:00
U0054,C092,4,94,True,2024-09-21 07:25:00
U0435,C034,4,69,False,2024-08-21 09:56:00
U0227,C010,3,59,False,2024-10-17 12:27:00
U0066,C082,4,98,True,2025-03-23 17:56:00
U0174,C025,2,8,False,2024-08-18 09:12:00
U0253,C025,1,22,False,2024-08-17 09:06:00
U0358,C057,3,59,False,2024-09-09 23:40:00
U0281,C063,2,60,False,2024-11-13 08:13:00
U0281,C074,3,50,False,2025-01-06 07:42:00
U0202,C070,2,8,False,2024-08-15 09:36:00
U0241,C018,4,86,False,2025-03-07 21:04:00
U0213,C048,4,75,False,2025-02-12 02:06:00
U0202,C018,2,18,False,2025-02-19 20:12:00
U0356,C002,3,92,True,2024-10-04 00:31:00
U0195,C041,5,88,False,2024-06-03 03:17:00
U0275,C081,5,91,True,2025-03-11 22:01:00
U0285,C097,2,5,False,2024-12-15 23:17:00
U0294,C029,4,100,True,2024-08-02 09:25:00
U0402,C095,3,32,False,2024-10-31 14:25:00
U0095,C029,2,10,False,2024-08-13 23:37:00
U0432,C011,3,56,False,2024-11-24 12:13:00
U0470,C048,3,61,False,2024-07-26 14:08:00
U0441,C024,5,83,False,2024-11-01 00:13:00
U0203,C005,3,61,False,2024-10-13 16:54:00
U0341,C012,3,36,False,2024-09-01 20:26:00
U0360,C011,4,78,False,2024-10-28 18:29:00
U0345,C096,4,99,True,2024-09-23 06:21:00
U0113,C012,3,92,True,2024-07-24 12:06:00
U0293,C066,3,56,False,2024-10-05 18:38:00
U0140,C068,2,34,False,2024-06-18 02:12:00
U0111,C092,4,49,False,2025-01-01 15:42:00
U0274,C057,3,22,False,2024-10-23 01:52:00
U0046,C025,4,77,False,2024-07-07 13:31:00
U0129,C097,4,39,False,2024-07-17 03:25:00
U0006,C011,2,27,False,2025-03-24 20:45:00
U0303,C006,4,82,False,2024-06-13 01:54:00
U0160,C016,4,69,False,2024-06-20 04:33:00
U0475,C100,3,38,False,2025-03-06 01:47:00
U0074,C088,3,32,False,2024-09-11 08:32:00
U0459,C034,4,60,False,2024-11-16 09:35:00
U0134,C097,3,46,False,2024-07-01 06:20:00
U0102,C041,4,73,False,2025-01-31 18:42:00
U0196,C041,3,100,True,2025-02-02 03:54:00
U0299,C051,2,19,False,2024-08-09 09:57:00
U0083,C097,1,26,False,2025-02-22 17:51:00
U0336,C013,4,76,False,2024-08-01 04:53:00
U0479,C090,2,30,False,2024-09-18 13:30:00
U0435,C042,4,71,False,2024-12-12 09:55:00
U0220,C005,3,100,True,2024-10-01 17:50:00
U0494,C018,3,32,False,2024-11-02 19:07:00
U0337,C097,1,32,False,2024-08-02 18:18:00
U0087,C055,5,81,False,2024-07-31 11:18:00
U0450,C093,3,44,False,2024-09-30 02:58:00
U0172,C012,5,93,True,2024-12-28 19:42:00
U0222,C068,2,38,False,2024-09-03 12:04:00
U0209,C096,5,64,False,2024-11-20 05:20:00
U0090,C063,1,28,False,2025-02-10 23:19:00
U0325,C046,4,89,False,2024-07-04 22:29:00
U0299,C080,3,100,True,2024-10-20 16:33:00
U0469,C010,2,15,False,2025-01-05 12:38:00
U0145,C050,4,78,False,2024-09-22 01:01:00
U0190,C091,4,97,True,2024-11-22 13:28:00
U0179,C049,2,21,False,2024-12-23 06:23:00
U0187,C049,4,100,True,2024-10-30 04:54:00
U0095,C023,4,88,False,2025-01-20 04:24:00
U0207,C042,4,94,True,2024-12-25 11:01:00
U0133,C041,2,24,False,2025-01-30 00:42:00
U0022,C095,3,57,False,2024-07-27 07:00:00
U0420,C057,5,80,False,2024-09-01 08:02:00
U0228,C036,3,68,False,2024-07-23 00:00:00
U0496,C074,3,14,False,2024-12-27 17:38:00
U0031,C096,5,85,False,2024-07-22 15:08:00
U0209,C099,4,100,True,2024-07-27 03:22:00
U0446,C083,1,31,False,2024-08-22 04:14:00
U0090,C030,5,93,True,2024-06-07 17:17:00
U0270,C099,3,56,False,2024-10-31 01:00:00
U0140,C059,3,38,False,2024-10-16 14:38:00
U0456,C025,2,38,False,2024-07-30 07:22:00
U0100,C079,4,50,False,2024-08-14 05:49:00
U0473,C019,4,77,False,2025-01-10 09:07:00
U0328,C062,3,21,False,2024-12-02 15:35:00
U0021,C090,3,70,False,2025-02-24 07:01:00
U0066,C100,2,32,False,2024-06-09 02:01:00
U0459,C060,5,72,False,2024-10-26 22:21:00
U0125,C060,3,67,False,2024-11-18 04:50:00
U0391,C007,4,80,False,2024-10-13 09:30:00
U0285,C065,3,74,False,2024-10-26 23:56:00
U0322,C071,4,68,False,2024-08-29 02:41:00
U0115,C028,4,59,False,2024-11-24 15:58:00
U0287,C051,4,76,False,2024-09-25 14:35:00
U0300,C097,3,51,False,2024-08-14 03:14:00
U0129,C005,3,72,False,2024-10-01 23:25:00
U0306,C096,4,77,False,2024-11-17 17:20:00
U0491,C026,4,86,False,2024-12-08 18:36:00
U0157,C022,3,52,False,2025-03-06 08:11:00
U0295,C099,3,29,False,2024-06-01 13:38:00
U0494,C011,5,91,True,2024-10-31 11:57:00
U0079,C088,5,86,False,2025-01-06 00:24:00
U0035,C053,3,53,False,2024-12-16 10:26:00
U0458,C077,5,83,False,2024-11-10 04:28:00
U0215,C023,4,84,False,2024-11-01 18:57:00
U0113,C027,4,80,False,2024-10-22 06:30:00
U0371,C090,3,39,False,2024-08-22 20:39:00
U0435,C028,3,27,False,2024-11-02 14:49:00
U0429,C032,3,51,False,2024-11-13 00:34:00
U0381,C035,4,75,False,2024-08-29 06:19:00
U0263,C012,2,48,False,2024-10-19 02:29:00
U0364,C032,5,86,False,2024-11-17 10:15:00
U0483,C036,4,82,False,2024-07-26 10:34:00
U0174,C085,3,78,False,2025-03-27 00:24:00
U0189,C046,4,80,False,2024-09-18 07:42:00
U0074,C051,4,80,False,2024-10-28 11:11:00
U0477,C023,3,56,False,2024-11-12 20:34:00
U0144,C073,3,71,False,2025-01-09 12:11:00
U0464,C078,2,15,False,2024-07-17 14:10:00
U0238,C003,4,83,False,2024-08-01 11:43:00
U0124,C086,5,100,True,2024-12-13 19:13:00
U0244,C054,4,88,False,2024-06-03 12:14:00
U0065,C032,2,29,False,2024-06-17 06:07:00
U0257,C079,4,80,False,2024-12-01 00:11:00
U0344,C014,5,86,False,2025-03-23 07:41:00
U0116,C092,4,86,False,2024-07-14 19:03:00
U0095,C097,2,17,False,2024-11-22 13:06:00
U0175,C053,5,77,False,2024-10-22 22:31:00
U0297,C002,3,53,False,2024-08-13 07:00:00
U0147,C068,3,46,False,2024-11-24 23:51:00
U0112,C064,3,45,False,2024-07-13 12:41:00
U0322,C079,4,73,False,2024-07-09 09:21:00
U0193,C084,3,51,False,2024-10-26 07:28:00
U0007,C025,4,69,False,2024-07-31 19:18:00
U0472,C055,3,86,False,2025-02-11 13:26:00
U0365,C002,3,42,False,2024-11-24 05:42:00
U0242,C037,3,56,False,2024-07-05 04:01:00
U0402,C028,5,56,False,2024-07-15 22:41:00
U0165,C012,2,29,False,2024-12-26 21:04:00
U0409,C053,2,26,False,2024-07-01 04:08:00
U0126,C024,4,69,False,2024-12-18 15:40:00
U0281,C055,4,61,False,2024-06-13 12:40:00
U0105,C005,3,67,False,2024-08-17 06:43:00
U0249,C086,3,65,False,2025-03-27 04:04:00
U0445,C094,3,90,True,2024-10-24 20:32:00
U0189,C082,3,50,False,2024-07-13 02:18:00
U0434,C060,4,71,False,2024-09-07 00:02:00
U0015,C097,4,91,True,2024-10-04 14:53:00
U0173,C074,3,52,False,2024-10-04 18:48:00
U0077,C097,3,32,False,2024-07-08 06:09:00
U0133,C080,5,100,True,2025-02-13 12:24:00
U0314,C076,3,41,False,2025-03-02 22:16:00
U0104,C007,1,18,False,2025-02-10 13:21:00
U0292,C042,5,88,False,2024-09-16 16:08:00
U0342,C053,1,7,False,2024-12-16 11:10:00
U0359,C050,3,65,False,2024-09-03 13:28:00
U0444,C069,2,47,False,2024-09-21 11:04:00
U0413,C066,3,17,False,2024-10-22 10:22:00
U0113,C010,3,27,False,2024-10-06 15:53:00
U0188,C051,3,66,False,2024-12-15 19:30:00
U0262,C017,3,50,False,2024-08-21 05:17:00
U0417,C054,4,82,False,2024-10-26 22:23:00
U0426,C040,4,82,False,2024-12-26 20:08:00
U0162,C054,3,44,False,2025-03-24 04:36:00
U0215,C068,4,77,False,2024-11-18 03:09:00
U0449,C038,5,83,False,2024-08-31 19:14:00
U0315,C054,4,80,False,2024-10-10 21:56:00
U0138,C062,2,28,False,2024-07-08 04:36:00
U0057,C064,4,92,True,2024-06-03 05:09:00
U0404,C092,3,45,False,2025-01-23 17:54:00
U0354,C097,3,44,False,2024-06-04 09:58:00
U0177,C025,4,86,False,2025-03-18 14:54:00
U0450,C054,3,16,False,2025-02-22 09:44:00
U0336,C011,4,93,True,2024-09-13 07:41:00
U0150,C010,3,26,False,2024-10-03 06:28:00
U0331,C069,2,16,False,2024-08-19 22:03:00
U0475,C093,4,71,False,2024-10-17 10:04:00
U0368,C085,4,94,True,2025-02-05 12:49:00
U0374,C046,3,80,False,2024-09-09 13:40:00
U0113,C088,4,61,False,2025-02-22 13:12:00
U0003,C005,5,78,False,2024-08-17 00:52:00
U0486,C038,1,10,False,2025-02-21 09:32:00
U0471,C007,3,38,False,2024-10-08 17:13:00
U0105,C010,3,53,False,2024-09-17 13:54:00
U0232,C067,4,68,False,2024-06-12 16:10:00
U0481,C025,4,94,True,2025-03-04 19:25:00
U0256,C056,4,82,False,2024-07-14 22:13:00
U0470,C064,3,44,False,2024-08-08 00:35:00
U0190,C057,3,78,False,2024-10-22 18:45:00
U0427,C073,5,85,False,2024-08-14 08:39:00
U0190,C034,3,65,False,2024-07-18 18:59:00
U0111,C097,4,70,False,2024-06-01 02:06:00
U0057,C094,4,57,False,2024-07-01 17:56:00
U0025,C044,2,13,False,2025-02-16 18:40:00
U0388,C021,2,26,False,2024-06-19 09:16:00
U0327,C040,3,41,False,2024-07-02 08:15:00
U0033,C023,3,49,False,2025-02-16 10:04:00
U0098,C051,3,56,False,2024-07-23 08:32:00
U0207,C041,5,82,False,2024-12-13 09:28:00
U0057,C069,5,100,True,2025-03-09 08:02:00
U0047,C053,1,26,False,2024-06-20 04:56:00
U0237,C043,3,32,False,2024-07-23 12:57:00
U0331,C049,3,53,False,2025-02-03 22:06:00
U0224,C042,5,79,False,2025-02-20 12:27:00
U0058,C097,5,90,True,2025-01-27 12:28:00
U0183,C077,4,51,False,2024-09-12 21:12:00
U0443,C048,5,70,False,2024-09-15 11:12:00
U0168,C055,4,70,False,2025-03-07 11:15:00
U0187,C025,3,53,False,2024-10-05 18:41:00
U0304,C011,4,50,False,2025-02-16 05:18:00
U0049,C061,4,95,True,2024-11-19 17:02:00
U0035,C085,4,86,False,2024-10-16 13:27:00
U0107,C033,3,23,False,2024-06-04 04:50:00
U0264,C051,5,73,False,2025-01-23 05:30:00
U0287,C005,4,62,False,2024-09-22 08:20:00
U0036,C004,2,53,False,2024-08-24 10:08:00
U0448,C040,3,58,False,2025-01-05 03:15:00
U0003,C036,4,80,False,2025-01-26 06:58:00
U0115,C026,4,74,False,2025-02-03 15:30:00
U0234,C063,2,35,False,2024-07-30 03:56:00
U0390,C005,3,26,False,2024-11-11 04:44:00
U0376,C063,3,25,False,2024-12-17 06:00:00
U0227,C025,2,30,False,2024-08-14 02:03:00
U0424,C009,4,85,False,2024-08-12 06:18:00
U0346,C034,5,78,False,2024-06-27 11:47:00
U0338,C075,3,99,True,2025-01-27 03:48:00
U0317,C054,4,89,False,2025-01-05 03:43:00
U0297,C056,3,87,False,2024-07-26 12:23:00
U0209,C100,2,17,False,2024-12-11 16:54:00
U0121,C028,3,63,False,2024-06-09 00:39:00
U0480,C062,2,14,False,2024-10-23 04:43:00
U0195,C074,4,60,False,2024-09-09 14:39:00
U0103,C048,3,10,False,2024-09-02 04:53:00
U0125,C025,5,60,False,2024-06-07 14:01:00
U0344,C012,4,81,False,2024-07-29 10:31:00
U0169,C034,3,47,False,2024-06-23 02:25:00
U0363,C005,2,23,False,2024-08-17 13:00:00
U0016,C005,4,72,False,2024-12-23 11:35:00
U0466,C095,4,85,False,2025-03-12 06:14:00
U0366,C056,5,70,False,2024-07-16 19:11:00
U0242,C035,3,31,False,2024-12-14 07:57:00
U0364,C037,4,52,False,2024-12-16 09:43:00
U0012,C030,3,60,False,2024-07-17 15:44:00
U0072,C074,2,41,False,2024-12-26 13:23:00
U0075,C028,3,58,False,2024-08-12 09:25:00
U0276,C068,3,69,False,2024-08-25 23:31:00
U0343,C021,3,72,False,2024-06-21 01:44:00
U0451,C054,2,31,False,2024-08-12 00:34:00
U0201,C026,4,100,True,2024-11-03 21:47:00
U0164,C012,3,30,False,2025-03-14 10:17:00
U0107,C085,5,69,False,2025-02-09 03:25:00
U0489,C051,4,100,True,2024-09-10 07:20:00
U0427,C053,2,33,False,2024-06-07 02:58:00
U0030,C003,3,51,False,2024-06-27 16:52:00
U0305,C035,3,66,False,2025-03-11 14:33:00
U0059,C025,2,24,False,2024-11-06 17:02:00
U0172,C019,4,70,False,2024-07-04 10:34:00
U0451,C036,3,70,False,2024-09-01 19:43:00
U0026,C038,4,77,False,2024-06-26 08:45:00
U0113,C024,4,83,False,2025-01-04 02:15:00
U0274,C067,3,24,False,2024-06-13 16:50:00
U0416,C025,4,83,False,2025-01-06 16:04:00
U0443,C040,3,84,False,2024-11-03 14:57:00
U0358,C097,2,13,False,2025-01-21 00:55:00
U0178,C068,3,31,False,2024-09-21 02:53:00
U0442,C011,3,70,False,2024-06-19 11:43:00
U0346,C025,3,100,True,2024-10-04 00:55:00
U0310,C093,2,60,False,2024-10-27 04:06:00
U0286,C018,4,83,False,2024-11-05 04:42:00
U0217,C076,3,23,False,2024-12-26 23:55:00
U0183,C014,3,47,False,2024-12-25 15:27:00
U0261,C083,4,96,True,2024-08-04 21:33:00
U0278,C090,2,37,False,2024-09-19 13:59:00
U0121,C084,3,56,False,2024-12-01 00:05:00
U0374,C021,4,91,True,2025-01-22 12:11:00
U0304,C024,2,12,False,2025-01-08 13:28:00
U0264,C043,2,5,False,2025-02-19 00:36:00
U0359,C085,4,86,False,2024-12-21 02:25:00
U0419,C016,3,17,False,2025-03-09 20:38:00
U0347,C091,3,33,False,2025-03-03 19:00:00
U0124,C056,5,82,False,2025-03-17 17:06:00
U0070,C100,3,40,False,2025-01-31 15:29:00
U0078,C060,5,82,False,2025-02-09 12:18:00
U0013,C013,4,71,False,2024-10-27 03:49:00
U0226,C085,3,46,False,2024-11-16 15:35:00
U0299,C053,3,58,False,2024-08-11 18:55:00
U0181,C049,3,43,False,2024-11-27 02:34:00
U0273,C022,5,100,True,2024-11-05 16:27:00
U0095,C080,3,16,False,2024-09-01 16:28:00
U0288,C021,3,53,False,2025-02-07 11:40:00
U0238,C089,3,69,False,2024-09-28 20:01:00
U0397,C027,5,83,False,2024-06-10 03:06:00
U0375,C025,3,54,False,2024-11-22 20:00:00
U0428,C088,3,64,False,2024-10-19 05:36:00
U0387,C010,3,40,False,2024-12-23 21:41:00
U0083,C074,3,25,False,2024-12-26 19:13:00
U0009,C033,2,8,False,2024-06-07 15:40:00
U0416,C026,2,30,False,2024-12-15 20:45:00
U0217,C083,3,44,False,2025-03-21 14:23:00
U0123,C079,3,5,False,2024-06-13 22:51:00
U0414,C038,5,64,False,2024-11-04 12:42:00
U0493,C037,3,25,False,2025-02-09 08:03:00
U0369,C052,4,82,False,2024-09-15 11:41:00
U0156,C052,3,47,False,2024-09-21 08:21:00
U0371,C083,5,78,False,2025-01-06 17:34:00
U0340,C010,2,24,False,2024-11-29 16:12:00
U0342,C005,1,22,False,2024-10-16 16:12:00
U0403,C084,4,96,True,2024-11-28 20:35:00
U0484,C021,2,8,False,2024-12-31 15:13:00
U0223,C049,4,98,True,2024-11-01 16:20:00
U0124,C090,4,89,False,2025-01-29 11:33:00
U0462,C018,5,65,False,2024-08-21 20:26:00
U0395,C067,1,48,False,2025-03-15 06:42:00
U0125,C063,5,92,True,2025-01-07 19:44:00
U0173,C059,4,100,True,2024-06-17 11:01:00
U0157,C024,3,93,True,2024-12-02 23:02:00
U0306,C095,5,100,True,2024-12-23 14:10:00
U0376,C099,1,5,False,2024-06-27 14:12:00
U0389,C013,3,71,False,2025-01-26 14:14:00
U0469,C059,2,54,False,2024-08-12 18:20:00
U0177,C021,4,95,True,2024-10-02 17:59:00
U0172,C072,4,75,False,2024-07-27 11:02:00
U0154,C090,2,17,False,2024-06-12 21:11:00
U0492,C020,4,86,False,2024-09-16 10:14:00
U0453,C100,4,75,False,2025-01-24 19:16:00
U0396,C034,2,17,False,2024-09-23 15:39:00
U0440,C097,3,59,False,2024-11-17 06:05:00
U0409,C049,2,32,False,2024-07-22 03:09:00
U0236,C054,3,84,False,2024-08-16 17:27:00
U0431,C089,4,63,False,2024-09-02 21:22:00
U0187,C019,3,40,False,2024-09-07 17:45:00
U0176,C010,3,59,False,2024-10-11 20:48:00
U0221,C070,1,23,False,2024-07-12 18:14:00
U0341,C010,1,30,False,2024-11-03 11:53:00
U0184,C004,3,49,False,2025-01-19 22:02:00
U0473,C074,3,50,False,2024-08-09 15:11:00
U0227,C017,5,84,False,2024-08-11 02:42:00
U0163,C025,3,38,False,2024-12-09 13:46:00
U0370,C070,2,14,False,2024-08-25 13:16:00
U0453,C095,3,43,False,2025-01-04 00:32:00
U0132,C047,3,32,False,2025-01-13 12:10:00
U0487,C018,4,93,True,2024-07-01 09:21:00
U0370,C079,3,50,False,2025-03-04 04:58:00
U0421,C037,5,99,True,2025-01-12 07:43:00
U0488,C010,4,93,True,2024-10-22 07:52:00
U0158,C098,4,74,False,2024-07-17 21:18:00
U0333,C075,3,39,False,2024-12-07 19:52:00
U0125,C052,4,60,False,2024-06-24 21:09:00
U0055,C025,4,71,False,2025-01-28 11:49:00
U0190,C065,4,59,False,2024-09-03 19:39:00
U0033,C021,4,75,False,2024-10-28 18:01:00
U0384,C017,4,100,True,2024-09-08 02:33:00
U0436,C010,5,87,False,2024-11-01 07:27:00
U0453,C048,4,60,False,2024-07-14 01:43:00
U0335,C082,3,67,False,2025-03-27 15:30:00
U0061,C004,5,50,False,2024-11-12 00:26:00
U0310,C052,4,94,True,2024-07-03 14:13:00
U0439,C014,3,37,False,2025-01-05 04:43:00
U0315,C004,3,40,False,2025-02-13 15:14:00
U0420,C053,3,59,False,2024-07-21 18:35:00
U0127,C015,4,96,True,2024-11-12 14:13:00
U0348,C071,3,38,False,2024-07-29 00:22:00
U0071,C085,5,89,False,2025-02-05 00:28:00
U0380,C074,4,87,False,2024-07-12 11:55:00
U0101,C005,4,87,False,2024-11-10 01:00:00
U0415,C078,2,10,False,2024-06-04 04:49:00
U0125,C058,3,34,False,2024-06-18 06:47:00
U0451,C070,4,75,False,2024-11-09 16:25:00
U0232,C005,2,16,False,2024-06-25 07:41:00
U0399,C071,2,33,False,2024-09-14 08:26:00
U0351,C006,4,54,False,2024-10-31 20:04:00
U0275,C063,4,78,False,2024-08-14 07:50:00
U0023,C018,5,55,False,2025-03-09 21:08:00
U0447,C021,2,24,False,2024-07-22 07:15:00
U0144,C072,4,72,False,2025-03-07 09:10:00
U0275,C061,3,49,False,2024-12-03 07:11:00
U0017,C067,3,57,False,2024-09-09 21:46:00
U0040,C085,4,76,False,2024-12-16 16:07:00
U0371,C010,1,26,False,2024-12-28 07:26:00
U0431,C058,3,31,False,2025-03-17 21:42:00
U0126,C010,2,52,False,2024-06-07 14:47:00
U0332,C076,3,57,False,2024-09-03 01:02:00
U0132,C034,4,63,False,2024-06-26 15:58:00
U0005,C068,4,74,False,2024-10-02 08:35:00
U0015,C091,1,34,False,2025-02-28 19:20:00
U0054,C095,3,34,False,2024-06-04 16:23:00
U0452,C092,4,98,True,2024-07-12 19:16:00
U0133,C078,4,58,False,2025-01-02 19:30:00
U0229,C043,2,40,False,2024-07-30 22:48:00
U0346,C037,4,84,False,2024-08-12 13:15:00
U0300,C072,3,51,False,2024-08-08 23:25:00
U0473,C025,3,57,False,2025-03-06 07:01:00
U0191,C057,1,6,False,2025-01-21 03:12:00
U0279,C063,2,18,False,2025-02-24 15:47:00
U0147,C097,3,34,False,2024-06-24 05:46:00
U0072,C059,4,87,False,2024-12-12 02:19:00
U0153,C025,3,69,False,2024-12-13 05:31:00
U0218,C017,4,100,True,2024-06-01 09:43:00
U0057,C070,3,44,False,2024-12-31 03:43:00
U0153,C052,4,97,True,2024-12-09 05:18:00
U0204,C088,1,29,False,2025-01-02 06:56:00
U0199,C099,4,73,False,2025-03-17 12:37:00
U0002,C059,4,82,False,2024-09-21 15:43:00
U0309,C047,4,89,False,2024-09-25 12:46:00
U0117,C072,4,82,False,2024-11-24 18:11:00
U0383,C040,2,18,False,2024-07-29 21:41:00
U0086,C051,3,59,False,2024-12-14 10:38:00
U0115,C022,4,97,True,2024-10-14 01:24:00
U0279,C013,4,83,False,2025-02-18 05:17:00
U0246,C023,4,65,False,2024-06-11 02:34:00
U0396,C074,4,76,False,2024-12-23 20:03:00
U0435,C011,2,21,False,2024-11-19 21:28:00
U0270,C094,3,40,False,2024-10-08 18:30:00
U0458,C080,5,42,False,2025-01-16 19:38:00
U0030,C009,3,59,False,2024-07-25 15:07:00
U0057,C067,5,62,False,2024-11-19 13:22:00
U0265,C025,3,22,False,2025-03-11 19:34:00
U0340,C011,4,93,True,2025-01-08 02:31:00
U0109,C056,4,100,True,2024-12-26 07:06:00
U0087,C082,4,58,False,2024-11-28 14:52:00
U0092,C074,3,59,False,2024-12-30 03:26:00
U0306,C097,4,60,False,2024-09-20 15:58:00
U0332,C079,3,35,False,2024-06-28 12:33:00
U0059,C097,2,19,False,2024-06-07 15:04:00
U0219,C010,4,68,False,2024-11-26 06:50:00
U0350,C048,3,32,False,2024-12-17 07:51:00
U0411,C090,4,77,False,2024-07-10 15:39:00
U0441,C029,2,24,False,2025-03-24 01:48:00
U0435,C049,4,81,False,2024-06-29 07:30:00
U0345,C083,4,69,False,2024-10-30 11:33:00
U0175,C059,5,79,False,2024-09-29 21:38:00
U0470,C014,4,91,True,2024-08-18 15:54:00
U0143,C057,3,55,False,2024-09-20 19:40:00
U0079,C081,4,68,False,2024-11-23 03:28:00
U0359,C025,3,48,False,2024-11-13 17:56:00
U0450,C094,3,28,False,2024-10-09 15:55:00
U0216,C020,1,40,False,2024-07-25 22:11:00
U0362,C013,5,75,False,2024-08-02 22:34:00
U0203,C089,3,64,False,2024-10-12 11:16:00
U0051,C054,2,39,False,2025-03-12 08:20:00
U0120,C075,4,42,False,2024-09-20 01:38:00
U0125,C095,4,64,False,2025-01-27 19:25:00
U0267,C051,3,50,False,2024-06-24 20:37:00
U0220,C060,5,64,False,2024-12-03 18:34:00
U0238,C005,3,64,False,2024-06-17 17:47:00
U0360,C016,4,98,True,2024-09-05 10:41:00
U0485,C084,3,54,False,2024-07-18 13:25:00
U0261,C077,1,49,False,2024-09-19 19:30:00
U0099,C071,4,70,False,2025-01-18 00:30:00
U0355,C086,4,58,False,2024-09-24 22:18:00
U0500,C016,3,33,False,2024-11-04 04:41:00
U0088,C038,5,100,True,2024-07-19 22:39:00
U0269,C010,3,17,False,2024-09-26 01:26:00
U0345,C011,2,16,False,2024-09-03 23:15:00
U0223,C039,5,75,False,2024-06-08 03:57:00
U0447,C005,3,56,False,2024-08-19 21:42:00
U0016,C009,3,18,False,2024-10-04 11:00:00
U0211,C062,4,100,True,2024-07-31 21:47:00
U0264,C005,4,89,False,2024-11-20 13:17:00
U0005,C077,3,75,False,2024-10-24 03:19:00
U0277,C005,5,69,False,2024-09-07 14:02:00
U0154,C025,1,30,False,2024-07-18 21:40:00
U0198,C083,3,63,False,2024-07-07 00:41:00
U0103,C061,2,30,False,2024-10-15 05:47:00
U0019,C063,3,28,False,2024-10-02 15:24:00
U0365,C029,4,77,False,2025-01-03 19:11:00
U0397,C032,5,60,False,2024-09-28 07:34:00
U0197,C009,5,62,False,2024-07-18 02:40:00
U0312,C030,4,96,True,2024-09-27 09:08:00
U0151,C034,4,68,False,2024-08-30 16:47:00
U0097,C007,2,5,False,2024-09-12 09:43:00
U0265,C045,5,75,False,2024-09-30 08:13:00
U0260,C086,3,51,False,2024-12-03 09:11:00
U0146,C056,4,100,True,2024-08-30 12:39:00
U0484,C052,5,65,False,2024-11-23 00:28:00
U0138,C051,2,60,False,2025-03-23 11:10:00
U0499,C049,4,98,True,2025-03-14 20:57:00
U0480,C020,3,46,False,2024-12-09 19:17:00
U0246,C062,2,40,False,2024-06-05 07:36:00
U0219,C011,3,65,False,2025-01-03 09:20:00
U0108,C004,4,94,True,2025-01-27 12:21:00
U0411,C017,3,58,False,2024-06-03 01:48:00
U0304,C049,1,20,False,2024-11-22 08:08:00
U0282,C080,4,82,False,2024-09-17 08:18:00
U0379,C025,4,88,False,2024-12-23 21:24:00
U0221,C078,3,70,False,2025-03-24 08:29:00
U0235,C056,3,49,False,2024-06-12 13:37:00
U0319,C016,3,42,False,2024-07-12 00:48:00
U0111,C091,4,50,False,2024-10-12 22:59:00
U0201,C063,3,8,False,2025-01-01 13:46:00
U0167,C041,3,92,True,2024-07-10 17:46:00
U0259,C022,4,69,False,2024-07-20 12:31:00
U0340,C079,4,93,True,2024-09-01 06:18:00
U0313,C054,4,78,False,2025-01-09 18:33:00
U0166,C074,4,87,False,2024-06-09 20:21:00
U0401,C067,3,97,True,2024-09-26 15:21:00
U0462,C088,3,74,False,2025-01-09 02:30:00
U0491,C015,4,55,False,2024-11-17 01:55:00
U0350,C068,4,84,False,2025-03-03 10:55:00
U0362,C049,5,100,True,2025-01-06 23:11:00
U0387,C020,3,55,False,2025-02-19 02:40:00
U0211,C001,2,34,False,2024-10-06 16:41:00
U0148,C057,4,53,False,2025-03-14 01:42:00
U0198,C093,4,72,False,2024-11-27 07:01:00
U0369,C094,2,42,False,2024-06-12 02:54:00
U0392,C088,3,59,False,2025-03-23 12:38:00
U0171,C100,5,78,False,2024-09-15 00:48:00
U0151,C037,4,78,False,2024-12-06 04:58:00
U0445,C011,3,38,False,2025-02-06 14:22:00
U0025,C085,4,78,False,2024-12-16 10:26:00
U0076,C004,3,68,False,2025-01-03 06:16:00
U0156,C017,3,67,False,2024-10-11 12:32:00
U0400,C004,2,25,False,2024-09-28 03:34:00
U0037,C010,3,33,False,2024-09-09 07:23:00
U0226,C036,3,43,False,2025-01-31 22:53:00
U0381,C011,4,79,False,2025-01-16 07:53:00
U0064,C054,3,71,False,2024-11-02 08:55:00
U0183,C074,5,98,True,2024-08-28 21:26:00
U0456,C036,5,72,False,2024-12-18 14:34:00
U0315,C010,4,87,False,2025-03-11 19:31:00
U0495,C021,3,70,False,2024-12-09 19:17:00
U0182,C082,3,51,False,2025-01-15 23:29:00
U0404,C012,3,64,False,2024-10-01 15:24:00
U0239,C091,3,59,False,2024-10-23 00:16:00
U0216,C006,4,59,False,2024-11-05 19:28:00
U0180,C043,3,63,False,2024-07-09 10:48:00
U0242,C011,2,14,False,2024-09-15 01:39:00
U0330,C021,4,63,False,2025-03-20 08:47:00
U0018,C036,3,73,False,2024-12-08 12:22:00
U0372,C058,5,100,True,2024-10-27 23:16:00
U0171,C088,2,6,False,2024-12-05 07:21:00
U0489,C054,3,45,False,2024-08-06 13:27:00
U0134,C098,3,33,False,2025-03-20 23:05:00
U0036,C026,4,87,False,2024-11-05 18:48:00
U0341,C017,2,17,False,2024-07-10 02:38:00
U0353,C011,4,63,False,2025-02-12 18:37:00
U0377,C061,3,32,False,2024-07-12 02:35:00
U0053,C051,4,63,False,2025-02-13 06:47:00
U0493,C028,3,28,False,2024-12-23 13:04:00
U0160,C010,3,54,False,2025-01-27 14:27:00
U0473,C057,4,74,False,2025-02-17 15:42:00
U0001,C045,4,96,True,2025-03-26 13:25:00
U0281,C090,3,39,False,2024-06-09 23:23:00
U0176,C099,3,61,False,2025-03-28 11:01:00
U0270,C005,5,91,True,2024-10-20 22:10:00
U0360,C008,4,80,False,2024-06-02 23:11:00
U0255,C060,4,93,True,2024-06-09 10:17:00
U0469,C035,4,90,True,2024-06-29 11:04:00
U0111,C025,3,49,False,2025-02-28 12:24:00
U0017,C020,4,86,False,2025-01-17 07:13:00
U0130,C059,3,83,False,2024-11-21 05:16:00
U0234,C085,4,100,True,2024-08-05 00:12:00
U0168,C060,4,80,False,2024-07-23 00:59:00
U0460,C005,3,44,False,2024-08-25 23:14:00
U0276,C008,4,100,True,2024-12-26 13:19:00
U0474,C005,3,45,False,2025-02-10 15:19:00
U0471,C009,3,81,False,2024-09-05 00:09:00
U0182,C027,5,83,False,2024-10-15 13:49:00
U0163,C013,3,65,False,2024-11-26 06:39:00
U0187,C012,5,100,True,2025-02-06 17:38:00
U0168,C090,4,100,True,2024-06-30 18:33:00
U0156,C099,5,86,False,2024-07-09 05:35:00
U0193,C086,4,67,False,2025-02-21 03:24:00
U0236,C090,4,94,True,2024-08-31 06:34:00
U0106,C005,2,26,False,2024-07-20 18:14:00
U0160,C039,4,89,False,2024-07-17 17:57:00
U0367,C069,5,68,False,2024-06-29 06:34:00
U0444,C005,3,19,False,2024-08-05 22:38:00
U0419,C050,4,76,False,2024-08-20 03:44:00
U0312,C025,4,76,False,2025-03-22 14:47:00
U0434,C069,5,76,False,2024-07-23 05:04:00
U0264,C091,4,60,False,2024-09-07 09:05:00
U0045,C076,4,84,False,2024-07-16 06:15:00
U0043,C082,3,45,False,2024-12-03 06:54:00
U0028,C010,4,91,True,2024-11-12 07:02:00
U0098,C010,4,75,False,2024-10-30 00:28:00
U0226,C037,3,63,False,2024-06-25 19:56:00
U0380,C050,4,44,False,2025-03-09 09:42:00
U0394,C045,3,41,False,2024-12-26 23:53:00
U0363,C035,4,67,False,2024-11-14 09:07:00
U0306,C093,4,76,False,2024-12-26 19:54:00
U0351,C010,4,69,False,2024-07-23 00:26:00
U0498,C065,3,33,False,2024-12-12 22:39:00
U0048,C067,4,88,False,2024-08-07 05:42:00
U0129,C024,3,85,False,2024-12-25 17:09:00
U0214,C074,1,14,False,2024-08-04 04:43:00
U0183,C041,3,59,False,2024-12-23 05:41:00
U0401,C070,4,70,False,2025-03-19 12:09:00
U0016,C081,4,72,False,2024-10-17 15:36:00
U0410,C092,3,51,False,2024-07-15 23:00:00
U0072,C063,4,82,False,2025-02-08 04:48:00
U0068,C060,3,60,False,2024-06-26 22:12:00
U0081,C002,3,27,False,2025-01-24 08:35:00
U0131,C011,1,16,False,2025-03-12 14:07:00
U0152,C003,4,88,False,2024-11-17 21:32:00
U0453,C074,3,25,False,2024-06-12 22:59:00
U0413,C070,2,6,False,2025-03-10 00:11:00
U0406,C085,4,39,False,2024-09-02 08:00:00
U0434,C066,4,69,False,2024-10-13 14:51:00
U0205,C050,3,63,False,2024-11-22 01:45:00
U0297,C023,3,66,False,2025-02-13 23:37:00
U0259,C046,3,71,False,2024-10-11 06:02:00
U0169,C072,3,62,False,2025-01-07 04:14:00
U0264,C094,3,22,False,2025-02-16 16:28:00
U0373,C025,5,89,False,2024-11-25 13:44:00
U0467,C054,1,40,False,2024-09-30 02:13:00
U0200,C002,4,72,False,2024-12-31 20:08:00
U0454,C089,2,5,False,2024-06-12 02:06:00
U0410,C049,5,86,False,2024-09-08 17:24:00
U0005,C005,2,26,False,2025-02-02 18:17:00
U0341,C045,3,80,False,2024-07-11 18:39:00
U0439,C011,3,83,False,2025-03-28 10:46:00
U0292,C015,5,81,False,2024-08-02 08:29:00
U0491,C020,3,30,False,2025-01-12 04:35:00
U0123,C026,4,85,False,2024-12-27 15:13:00
U0328,C079,3,45,False,2024-11-17 23:14:00
U0253,C058,3,54,False,2024-10-09 16:48:00
U0265,C094,2,8,False,2024-12-29 10:24:00
U0353,C098,3,79,False,2024-08-25 11:49:00
U0340,C099,3,30,False,2025-03-01 21:11:00
U0447,C010,3,80,False,2025-02-25 05:45:00
U0390,C087,2,15,False,2025-02-25 06:09:00
U0126,C022,4,73,False,2025-01-10 16:32:00
U0176,C044,4,86,False,2024-10-31 21:53:00
U0217,C074,4,98,True,2025-02-09 16:01:00
U0313,C049,2,48,False,2024-10-21 10:51:00
U0283,C095,4,93,True,2024-10-22 18:20:00
U0426,C061,4,100,True,2024-08-15 02:14:00
U0183,C013,3,64,False,2025-01-31 10:57:00
U0177,C051,5,71,False,2024-08-21 16:44:00
U0319,C095,5,79,False,2025-01-21 08:05:00
U0496,C060,3,25,False,2025-02-25 12:43:00
U0455,C094,4,36,False,2024-08-20 13:28:00
U0061,C063,2,33,False,2025-02-08 13:16:00
U0172,C080,4,100,True,2024-12-26 11:50:00
U0163,C032,3,38,False,2025-01-10 09:56:00
U0058,C079,5,68,False,2025-02-27 19:27:00
U0122,C062,4,82,False,2024-06-05 01:36:00
U0490,C073,4,100,True,2024-09-03 01:53:00
U0057,C053,3,77,False,2024-06-20 02:48:00
U0378,C026,4,93,True,2024-08-19 05:59:00
U0144,C079,4,99,True,2024-10-22 17:50:00
U0086,C057,4,57,False,2025-03-11 01:36:00
U0322,C075,5,65,False,2025-01-10 20:44:00
U0026,C047,4,93,True,2025-02-15 01:17:00
U0101,C020,2,41,False,2025-03-11 00:04:00
U0192,C010,2,26,False,2025-02-25 12:25:00
U0383,C062,5,90,True,2024-11-15 08:17:00
U0214,C029,4,79,False,2024-11-24 07:37:00
U0021,C088,3,64,False,2025-02-04 08:59:00
U0384,C020,4,69,False,2025-03-21 02:06:00
U0307,C039,4,76,False,2024-11-26 13:28:00
U0379,C020,3,55,False,2025-02-12 11:47:00
U0022,C092,3,61,False,2024-11-30 10:46:00
U0454,C075,2,9,False,2024-09-20 17:15:00
U0441,C066,5,73,False,2025-01-19 10:55:00
U0164,C016,4,72,False,2024-08-21 12:11:00
U0214,C100,3,66,False,2024-12-07 12:30:00
U0329,C060,3,46,False,2024-12-20 00:28:00
U0288,C002,3,45,False,2025-02-02 10:05:00
U0342,C063,5,99,True,2025-03-16 22:36:00
U0481,C057,4,93,True,2024-07-04 14:30:00
U0192,C020,2,60,False,2025-03-21 21:44:00
U0142,C066,3,52,False,2024-11-05 19:49:00
U0220,C053,4,51,False,2025-03-05 05:33:00
U0389,C026,5,56,False,2025-02-20 20:21:00
U0340,C019,3,40,False,2025-01-12 14:27:00
U0180,C061,4,77,False,2025-03-26 01:30:00
U0010,C015,4,96,True,2024-10-13 20:50:00
U0114,C050,3,36,False,2025-01-08 17:30:00
U0337,C052,3,55,False,2024-12-28 18:11:00
U0487,C011,3,73,False,2025-03-26 08:49:00
U0314,C096,4,85,False,2024-06-28 15:25:00
U0340,C014,4,65,False,2024-11-18 20:16:00
U0237,C018,5,52,False,2024-10-26 19:16:00
U0124,C057,3,42,False,2025-03-02 15:08:00
U0089,C072,5,100,True,2025-01-26 16:21:00
U0325,C014,5,75,False,2024-12-19 17:21:00
U0110,C041,5,85,False,2024-08-17 07:55:00
